scenario, pChange, gamma, recovery_strategy, required_certainty, build_plans, matrices, visited_states, actions, time, timeout, cost
dyngrid, 0.00, 1.0000, RANDOM, 0.90, 0, 1881, 4653, 1880, 10134, timeout, 2052.8000000000116
dyngrid, 0.02, 0.9960, RANDOM, 0.90, 0, 221, 624, 221, 2028, ontime, 241.50000000000014
dyngrid, 0.04, 0.9920, RANDOM, 0.90, 0, 26, 188, 26, 994, ontime, 27.999999999999993
dyngrid, 0.06, 0.9880, RANDOM, 0.90, 0, 55, 178, 55, 1227, ontime, 60.99999999999999
dyngrid, 0.08, 0.9840, RANDOM, 0.90, 0, 20, 105, 20, 684, ontime, 22.0
dyngrid, 0.10, 0.9800, RANDOM, 0.90, 0, 19, 85, 19, 640, ontime, 19.799999999999997
dyngrid, 0.12, 0.9760, RANDOM, 0.90, 0, 100, 257, 100, 1688, ontime, 106.20000000000003
dyngrid, 0.14, 0.9720, RANDOM, 0.90, 0, 271, 620, 271, 2270, ontime, 290.70000000000005
dyngrid, 0.16, 0.9680, RANDOM, 0.90, 0, 50, 127, 50, 1240, ontime, 55.09999999999999
dyngrid, 0.18, 0.9640, RANDOM, 0.90, 0, 95, 189, 95, 1343, ontime, 100.80000000000001
dyngrid, 0.20, 0.9600, RANDOM, 0.90, 0, 213, 425, 213, 2295, ontime, 228.10000000000008
dyngrid, 0.22, 0.9560, RANDOM, 0.90, 0, 241, 481, 241, 2356, ontime, 255.40000000000012
dyngrid, 0.27, 0.9460, RANDOM, 0.90, 0, 105, 105, 105, 1167, ontime, 105.0
dyngrid, 0.32, 0.9360, RANDOM, 0.90, 0, 144, 144, 144, 1973, ontime, 144.4
dyngrid, 0.37, 0.9260, RANDOM, 0.90, 0, 20, 20, 20, 533, ontime, 21.200000000000003
dyngrid, 0.42, 0.9160, RANDOM, 0.90, 0, 30, 30, 30, 887, ontime, 30.4
dyngrid, 0.47, 0.9060, RANDOM, 0.90, 0, 43, 43, 43, 778, ontime, 43.0
dyngrid, 0.52, 0.8960, RANDOM, 0.90, 0, 20, 0, 20, 751, ontime, 21.199999999999996
dyngrid, 0.57, 0.8860, RANDOM, 0.90, 0, 26, 0, 26, 865, ontime, 26.4
dyngrid, 0.62, 0.8760, RANDOM, 0.90, 0, 33, 0, 33, 1047, ontime, 34.599999999999994
dyngrid, 0.67, 0.8660, RANDOM, 0.90, 0, 39, 0, 39, 1198, ontime, 39.8
dyngrid, 0.72, 0.8560, RANDOM, 0.90, 0, 58, 0, 58, 2180, ontime, 59.199999999999996
dyngrid, 0.77, 0.8460, RANDOM, 0.90, 0, 66, 0, 66, 2138, ontime, 71.3
dyngrid, 0.82, 0.8360, RANDOM, 0.90, 0, 45, 0, 45, 1663, ontime, 45.8
dyngrid, 0.87, 0.8260, RANDOM, 0.90, 0, 51, 0, 51, 2525, ontime, 51.0
dyngrid, 0.92, 0.8160, RANDOM, 0.90, 0, 28, 0, 28, 1506, ontime, 29.199999999999996
dyngrid, 0.97, 0.8060, RANDOM, 0.90, 0, 41, 0, 41, 1612, ontime, 41.8
scenario, pChange, gamma, recovery_strategy, required_certainty, build_plans, matrices, visited_states, actions, time, timeout, cost
dyngrid, 0.00, 1.0000, RANDOM, 0.90, 0, 115, 406, 115, 1443, ontime, 124.80000000000007
dyngrid, 0.02, 0.9960, RANDOM, 0.90, 0, 939, 2143, 939, 4269, ontime, 1036.7999999999986
dyngrid, 0.04, 0.9920, RANDOM, 0.90, 0, 284, 720, 284, 2283, ontime, 304.30000000000007
dyngrid, 0.06, 0.9880, RANDOM, 0.90, 0, 346, 892, 346, 2633, ontime, 375.09999999999985
dyngrid, 0.08, 0.9840, RANDOM, 0.90, 0, 76, 228, 76, 1131, ontime, 84.30000000000003
dyngrid, 0.10, 0.9800, RANDOM, 0.90, 0, 199, 499, 199, 1737, ontime, 214.90000000000006
dyngrid, 0.12, 0.9760, RANDOM, 0.90, 0, 195, 493, 195, 2049, ontime, 210.00000000000009
dyngrid, 0.14, 0.9720, RANDOM, 0.90, 0, 100, 249, 100, 1398, ontime, 106.00000000000001
dyngrid, 0.16, 0.9680, RANDOM, 0.90, 0, 64, 164, 64, 1374, ontime, 71.5
dyngrid, 0.18, 0.9640, RANDOM, 0.90, 0, 49, 97, 49, 825, ontime, 52.699999999999996
dyngrid, 0.20, 0.9600, RANDOM, 0.90, 0, 162, 323, 162, 1672, ontime, 173.9000000000001
dyngrid, 0.22, 0.9560, RANDOM, 0.90, 0, 152, 303, 152, 2113, ontime, 160.00000000000003
dyngrid, 0.27, 0.9460, RANDOM, 0.90, 0, 93, 93, 93, 1062, ontime, 93.8
dyngrid, 0.32, 0.9360, RANDOM, 0.90, 0, 55, 55, 55, 1056, ontime, 55.8
dyngrid, 0.37, 0.9260, RANDOM, 0.90, 0, 208, 208, 208, 3059, ontime, 208.4
dyngrid, 0.42, 0.9160, RANDOM, 0.90, 0, 78, 78, 78, 1658, ontime, 78.4
dyngrid, 0.47, 0.9060, RANDOM, 0.90, 0, 46, 46, 46, 1113, ontime, 47.199999999999996
dyngrid, 0.52, 0.8960, RANDOM, 0.90, 0, 37, 0, 37, 1211, ontime, 38.599999999999994
dyngrid, 0.57, 0.8860, RANDOM, 0.90, 0, 93, 0, 93, 2452, ontime, 93.8
dyngrid, 0.62, 0.8760, RANDOM, 0.90, 0, 43, 0, 43, 1408, ontime, 43.0
dyngrid, 0.67, 0.8660, RANDOM, 0.90, 0, 105, 0, 105, 2362, ontime, 105.80000000000001
dyngrid, 0.72, 0.8560, RANDOM, 0.90, 0, 28, 0, 28, 1317, ontime, 29.200000000000003
dyngrid, 0.77, 0.8460, RANDOM, 0.90, 0, 158, 0, 158, 4056, ontime, 158.4
dyngrid, 0.82, 0.8360, RANDOM, 0.90, 0, 68, 0, 68, 2623, ontime, 68.4
dyngrid, 0.87, 0.8260, RANDOM, 0.90, 0, 44, 0, 44, 1539, ontime, 44.4
dyngrid, 0.92, 0.8160, RANDOM, 0.90, 0, 20, 0, 20, 1244, ontime, 21.199999999999996
dyngrid, 0.97, 0.8060, RANDOM, 0.90, 0, 49, 0, 49, 1643, ontime, 49.8
scenario, pChange, gamma, recovery_strategy, required_certainty, build_plans, matrices, visited_states, actions, time, timeout, cost
dyngrid, 0.00, 1.0000, RANDOM, 0.90, 0, 2117, 5139, 2116, 10105, timeout, 2301.7000000000153
dyngrid, 0.02, 0.9960, RANDOM, 0.90, 0, 482, 1291, 482, 3366, ontime, 531.6999999999992
dyngrid, 0.04, 0.9920, RANDOM, 0.90, 0, 828, 2053, 828, 3701, ontime, 905.199999999998
dyngrid, 0.06, 0.9880, RANDOM, 0.90, 0, 62, 248, 62, 1081, ontime, 64.8
dyngrid, 0.08, 0.9840, RANDOM, 0.90, 0, 127, 342, 127, 1616, ontime, 136.90000000000006
dyngrid, 0.10, 0.9800, RANDOM, 0.90, 0, 304, 765, 304, 2478, ontime, 328.9999999999999
dyngrid, 0.12, 0.9760, RANDOM, 0.90, 0, 69, 194, 69, 1032, ontime, 75.29999999999998
dyngrid, 0.14, 0.9720, RANDOM, 0.90, 0, 145, 323, 145, 1600, ontime, 158.30000000000007
dyngrid, 0.16, 0.9680, RANDOM, 0.90, 0, 239, 535, 239, 2602, ontime, 260.70000000000005
dyngrid, 0.18, 0.9640, RANDOM, 0.90, 0, 59, 117, 59, 1101, ontime, 61.599999999999994
dyngrid, 0.20, 0.9600, RANDOM, 0.90, 0, 132, 263, 132, 1874, ontime, 139.50000000000003
dyngrid, 0.22, 0.9560, RANDOM, 0.90, 0, 44, 87, 44, 919, ontime, 45.199999999999996
dyngrid, 0.27, 0.9460, RANDOM, 0.90, 0, 115, 115, 115, 1593, ontime, 116.60000000000001
scenario, pChange, gamma, recovery_strategy, required_certainty, build_plans, matrices, visited_states, actions, time, timeout, cost
dyngrid, 0.00, 1.0000, RANDOM, 0.90, 0, 325, 893, 325, 2245, ontime, 361.8999999999997
dyngrid, 0.02, 0.9960, RANDOM, 0.90, 0, 405, 1036, 405, 2841, ontime, 452.9999999999993
dyngrid, 0.04, 0.9920, RANDOM, 0.90, 0, 244, 728, 244, 2248, ontime, 269.60000000000014
dyngrid, 0.06, 0.9880, RANDOM, 0.90, 0, 183, 538, 183, 1889, ontime, 197.9000000000001
dyngrid, 0.08, 0.9840, RANDOM, 0.90, 0, 139, 397, 139, 1541, ontime, 152.60000000000008
dyngrid, 0.10, 0.9800, RANDOM, 0.90, 0, 60, 180, 60, 1221, ontime, 66.39999999999999
dyngrid, 0.12, 0.9760, RANDOM, 0.90, 0, 22, 81, 22, 574, ontime, 23.999999999999996
dyngrid, 0.14, 0.9720, RANDOM, 0.90, 0, 20, 57, 20, 501, ontime, 22.0
dyngrid, 0.16, 0.9680, RANDOM, 0.90, 0, 23, 64, 23, 723, ontime, 25.399999999999995
dyngrid, 0.18, 0.9640, RANDOM, 0.90, 0, 19, 37, 19, 602, ontime, 20.599999999999998
dyngrid, 0.20, 0.9600, RANDOM, 0.90, 0, 90, 179, 90, 1237, ontime, 96.10000000000002
dyngrid, 0.22, 0.9560, RANDOM, 0.90, 0, 93, 185, 93, 1330, ontime, 99.80000000000001
dyngrid, 0.27, 0.9460, RANDOM, 0.90, 0, 220, 220, 220, 1901, ontime, 221.20000000000002
dyngrid, 0.32, 0.9360, RANDOM, 0.90, 0, 100, 100, 100, 1383, ontime, 100.4
dyngrid, 0.37, 0.9260, RANDOM, 0.90, 0, 113, 113, 113, 1446, ontime, 113.0
dyngrid, 0.42, 0.9160, RANDOM, 0.90, 0, 30, 30, 30, 572, ontime, 31.999999999999996
dyngrid, 0.47, 0.9060, RANDOM, 0.90, 0, 67, 67, 67, 1282, ontime, 67.0
dyngrid, 0.52, 0.8960, RANDOM, 0.90, 0, 111, 0, 111, 2239, ontime, 112.60000000000002
dyngrid, 0.57, 0.8860, RANDOM, 0.90, 0, 25, 0, 25, 980, ontime, 25.799999999999997
dyngrid, 0.62, 0.8760, RANDOM, 0.90, 0, 72, 0, 72, 1888, ontime, 73.19999999999999
dyngrid, 0.67, 0.8660, RANDOM, 0.90, 0, 47, 0, 47, 1365, ontime, 47.0
dyngrid, 0.72, 0.8560, RANDOM, 0.90, 0, 52, 0, 52, 1667, ontime, 52.4
dyngrid, 0.77, 0.8460, RANDOM, 0.90, 0, 24, 0, 24, 1275, ontime, 24.4
dyngrid, 0.82, 0.8360, RANDOM, 0.90, 0, 32, 0, 32, 1177, ontime, 32.4
dyngrid, 0.87, 0.8260, RANDOM, 0.90, 0, 27, 0, 27, 844, ontime, 27.8
dyngrid, 0.92, 0.8160, RANDOM, 0.90, 0, 50, 0, 50, 2065, ontime, 50.4
dyngrid, 0.97, 0.8060, RANDOM, 0.90, 0, 42, 0, 42, 1503, ontime, 42.4
scenario, pChange, gamma, recovery_strategy, required_certainty, build_plans, matrices, visited_states, actions, time, timeout, cost
dyngrid, 0.00, 1.0000, RANDOM, 0.90, 0, 1908, 5052, 1906, 10125, timeout, 2074.1000000000126
dyngrid, 0.02, 0.9960, RANDOM, 0.90, 0, 26, 166, 26, 775, ontime, 27.999999999999996
dyngrid, 0.04, 0.9920, RANDOM, 0.90, 0, 734, 1853, 734, 4053, ontime, 804.4999999999982
dyngrid, 0.06, 0.9880, RANDOM, 0.90, 0, 214, 639, 214, 2632, ontime, 240.4000000000002
dyngrid, 0.08, 0.9840, RANDOM, 0.90, 0, 54, 170, 54, 1052, ontime, 58.599999999999994
dyngrid, 0.10, 0.9800, RANDOM, 0.90, 0, 478, 1189, 478, 3090, ontime, 527.0999999999991
dyngrid, 0.12, 0.9760, RANDOM, 0.90, 0, 35, 112, 35, 847, ontime, 37.39999999999999
dyngrid, 0.14, 0.9720, RANDOM, 0.90, 0, 142, 324, 142, 1531, ontime, 152.4000000000001
dyngrid, 0.16, 0.9680, RANDOM, 0.90, 0, 23, 65, 23, 721, ontime, 25.39999999999999
dyngrid, 0.18, 0.9640, RANDOM, 0.90, 0, 63, 125, 63, 1024, ontime, 66.7
dyngrid, 0.20, 0.9600, RANDOM, 0.90, 0, 95, 189, 95, 1399, ontime, 103.30000000000004
dyngrid, 0.22, 0.9560, RANDOM, 0.90, 0, 21, 41, 21, 651, ontime, 22.599999999999998
dyngrid, 0.27, 0.9460, RANDOM, 0.90, 0, 19, 19, 19, 645, ontime, 20.599999999999998
dyngrid, 0.32, 0.9360, RANDOM, 0.90, 0, 169, 169, 169, 2183, ontime, 169.8
dyngrid, 0.37, 0.9260, RANDOM, 0.90, 0, 204, 204, 204, 3056, ontime, 204.4
dyngrid, 0.42, 0.9160, RANDOM, 0.90, 0, 24, 24, 24, 694, ontime, 25.199999999999996
dyngrid, 0.47, 0.9060, RANDOM, 0.90, 0, 121, 121, 121, 2555, ontime, 121.80000000000001
dyngrid, 0.52, 0.8960, RANDOM, 0.90, 0, 34, 0, 34, 1109, ontime, 34.4
dyngrid, 0.57, 0.8860, RANDOM, 0.90, 0, 88, 0, 88, 2046, ontime, 88.4
dyngrid, 0.62, 0.8760, RANDOM, 0.90, 0, 87, 0, 87, 2037, ontime, 87.80000000000001
dyngrid, 0.67, 0.8660, RANDOM, 0.90, 0, 31, 0, 31, 717, ontime, 31.8
dyngrid, 0.72, 0.8560, RANDOM, 0.90, 0, 52, 0, 52, 1517, ontime, 52.4
dyngrid, 0.77, 0.8460, RANDOM, 0.90, 0, 64, 0, 64, 1526, ontime, 64.4
dyngrid, 0.82, 0.8360, RANDOM, 0.90, 0, 56, 0, 56, 1700, ontime, 57.199999999999996
dyngrid, 0.87, 0.8260, RANDOM, 0.90, 0, 53, 0, 53, 1453, ontime, 55.39999999999999
dyngrid, 0.92, 0.8160, RANDOM, 0.90, 0, 45, 0, 45, 976, ontime, 45.0
dyngrid, 0.97, 0.8060, RANDOM, 0.90, 0, 22, 0, 22, 694, ontime, 24.799999999999994
scenario, pChange, gamma, recovery_strategy, required_certainty, build_plans, matrices, visited_states, actions, time, timeout, cost
dyngrid, 0.00, 1.0000, RANDOM, 0.90, 0, 2133, 4978, 2131, 10114, timeout, 2336.0000000000173
dyngrid, 0.02, 0.9960, RANDOM, 0.90, 0, 20, 210, 20, 810, ontime, 21.999999999999996
dyngrid, 0.04, 0.9920, RANDOM, 0.90, 0, 59, 333, 59, 1259, ontime, 64.79999999999998
dyngrid, 0.06, 0.9880, RANDOM, 0.90, 0, 66, 229, 66, 1015, ontime, 70.6
dyngrid, 0.08, 0.9840, RANDOM, 0.90, 0, 42, 152, 42, 951, ontime, 45.59999999999999
dyngrid, 0.10, 0.9800, RANDOM, 0.90, 0, 478, 1177, 478, 2984, ontime, 522.6999999999991
dyngrid, 0.12, 0.9760, RANDOM, 0.90, 0, 26, 88, 26, 651, ontime, 27.999999999999993
dyngrid, 0.14, 0.9720, RANDOM, 0.90, 0, 193, 448, 193, 1939, ontime, 207.4000000000001
dyngrid, 0.16, 0.9680, RANDOM, 0.90, 0, 262, 598, 262, 2842, ontime, 289.50000000000006
dyngrid, 0.18, 0.9640, RANDOM, 0.90, 0, 158, 315, 158, 1869, ontime, 168.90000000000006
dyngrid, 0.20, 0.9600, RANDOM, 0.90, 0, 151, 301, 151, 1884, ontime, 160.00000000000009
dyngrid, 0.22, 0.9560, RANDOM, 0.90, 0, 110, 219, 110, 1645, ontime, 118.50000000000003
dyngrid, 0.27, 0.9460, RANDOM, 0.90, 0, 78, 78, 78, 1293, ontime, 78.4
dyngrid, 0.32, 0.9360, RANDOM, 0.90, 0, 135, 135, 135, 2306, ontime, 135.0
dyngrid, 0.37, 0.9260, RANDOM, 0.90, 0, 148, 148, 148, 1582, ontime, 149.20000000000002
dyngrid, 0.42, 0.9160, RANDOM, 0.90, 0, 68, 68, 68, 1007, ontime, 68.4
dyngrid, 0.47, 0.9060, RANDOM, 0.90, 0, 131, 131, 131, 2057, ontime, 131.8
dyngrid, 0.52, 0.8960, RANDOM, 0.90, 0, 33, 0, 33, 613, ontime, 34.599999999999994
dyngrid, 0.57, 0.8860, RANDOM, 0.90, 0, 79, 0, 79, 972, ontime, 79.0
dyngrid, 0.62, 0.8760, RANDOM, 0.90, 0, 41, 0, 41, 953, ontime, 41.8
dyngrid, 0.67, 0.8660, RANDOM, 0.90, 0, 126, 0, 126, 2547, ontime, 126.4
dyngrid, 0.72, 0.8560, RANDOM, 0.90, 0, 45, 0, 45, 1609, ontime, 45.8
dyngrid, 0.77, 0.8460, RANDOM, 0.90, 0, 27, 0, 27, 977, ontime, 27.0
dyngrid, 0.82, 0.8360, RANDOM, 0.90, 0, 26, 0, 26, 775, ontime, 27.199999999999996
dyngrid, 0.87, 0.8260, RANDOM, 0.90, 0, 39, 0, 39, 1008, ontime, 39.8
dyngrid, 0.92, 0.8160, RANDOM, 0.90, 0, 61, 0, 61, 1600, ontime, 61.8
dyngrid, 0.97, 0.8060, RANDOM, 0.90, 0, 24, 0, 24, 1214, ontime, 25.199999999999996
scenario, pChange, gamma, recovery_strategy, required_certainty, build_plans, matrices, visited_states, actions, time, timeout, cost
dyngrid, 0.00, 1.0000, RANDOM, 0.90, 0, 379, 1278, 379, 2978, ontime, 416.29999999999967
dyngrid, 0.02, 0.9960, RANDOM, 0.90, 0, 195, 624, 195, 1999, ontime, 222.50000000000017
dyngrid, 0.04, 0.9920, RANDOM, 0.90, 0, 98, 414, 98, 1598, ontime, 106.90000000000006
dyngrid, 0.06, 0.9880, RANDOM, 0.90, 0, 23, 153, 23, 975, ontime, 25.099999999999998
dyngrid, 0.08, 0.9840, RANDOM, 0.90, 0, 199, 511, 199, 1960, ontime, 217.10000000000014
dyngrid, 0.10, 0.9800, RANDOM, 0.90, 0, 59, 181, 59, 1271, ontime, 62.39999999999999
dyngrid, 0.12, 0.9760, RANDOM, 0.90, 0, 332, 807, 332, 2967, ontime, 362.89999999999986
dyngrid, 0.14, 0.9720, RANDOM, 0.90, 0, 99, 236, 99, 1298, ontime, 107.90000000000005
dyngrid, 0.16, 0.9680, RANDOM, 0.90, 0, 49, 122, 49, 896, ontime, 52.69999999999999
dyngrid, 0.18, 0.9640, RANDOM, 0.90, 0, 229, 457, 229, 2238, ontime, 246.60000000000016
dyngrid, 0.20, 0.9600, RANDOM, 0.90, 0, 222, 443, 222, 2666, ontime, 238.10000000000014
dyngrid, 0.22, 0.9560, RANDOM, 0.90, 0, 137, 273, 137, 2390, ontime, 146.90000000000003
dyngrid, 0.27, 0.9460, RANDOM, 0.90, 0, 23, 23, 23, 447, ontime, 25.399999999999995
dyngrid, 0.32, 0.9360, RANDOM, 0.90, 0, 45, 45, 45, 784, ontime, 45.8
dyngrid, 0.37, 0.9260, RANDOM, 0.90, 0, 21, 21, 21, 492, ontime, 22.599999999999994
dyngrid, 0.42, 0.9160, RANDOM, 0.90, 0, 31, 31, 31, 632, ontime, 31.799999999999997
dyngrid, 0.47, 0.9060, RANDOM, 0.90, 0, 50, 50, 50, 1031, ontime, 51.199999999999996
dyngrid, 0.52, 0.8960, RANDOM, 0.90, 0, 59, 0, 59, 1911, ontime, 59.8
dyngrid, 0.57, 0.8860, RANDOM, 0.90, 0, 57, 0, 57, 1118, ontime, 57.8
dyngrid, 0.62, 0.8760, RANDOM, 0.90, 0, 56, 0, 56, 1253, ontime, 57.199999999999996
dyngrid, 0.67, 0.8660, RANDOM, 0.90, 0, 36, 0, 36, 1069, ontime, 37.199999999999996
dyngrid, 0.72, 0.8560, RANDOM, 0.90, 0, 37, 0, 37, 829, ontime, 38.599999999999994
dyngrid, 0.77, 0.8460, RANDOM, 0.90, 0, 21, 0, 21, 986, ontime, 21.0
dyngrid, 0.82, 0.8360, RANDOM, 0.90, 0, 44, 0, 44, 1527, ontime, 44.4
dyngrid, 0.87, 0.8260, RANDOM, 0.90, 0, 53, 0, 53, 1461, ontime, 53.8
dyngrid, 0.92, 0.8160, RANDOM, 0.90, 0, 38, 0, 38, 965, ontime, 38.4
dyngrid, 0.97, 0.8060, RANDOM, 0.90, 0, 20, 0, 20, 935, ontime, 21.2
scenario, pChange, gamma, recovery_strategy, required_certainty, build_plans, matrices, visited_states, actions, time, timeout, cost
dyngrid, 0.00, 1.0000, RANDOM, 0.90, 0, 1312, 3233, 1312, 7021, ontime, 1437.300000000003
dyngrid, 0.02, 0.9960, RANDOM, 0.90, 0, 83, 312, 83, 1336, ontime, 92.70000000000003
dyngrid, 0.04, 0.9920, RANDOM, 0.90, 0, 503, 1225, 503, 3114, ontime, 545.3999999999992
dyngrid, 0.06, 0.9880, RANDOM, 0.90, 0, 110, 350, 110, 1558, ontime, 119.60000000000005
dyngrid, 0.08, 0.9840, RANDOM, 0.90, 0, 347, 888, 347, 2823, ontime, 385.1999999999998
dyngrid, 0.10, 0.9800, RANDOM, 0.90, 0, 111, 305, 111, 1498, ontime, 121.10000000000008
dyngrid, 0.12, 0.9760, RANDOM, 0.90, 0, 212, 527, 212, 2463, ontime, 230.50000000000014
dyngrid, 0.14, 0.9720, RANDOM, 0.90, 0, 386, 895, 386, 2880, ontime, 417.89999999999964
dyngrid, 0.16, 0.9680, RANDOM, 0.90, 0, 224, 509, 224, 2075, ontime, 246.50000000000014
dyngrid, 0.18, 0.9640, RANDOM, 0.90, 0, 69, 137, 69, 1247, ontime, 71.4
dyngrid, 0.20, 0.9600, RANDOM, 0.90, 0, 187, 363, 187, 1782, ontime, 209.60000000000014
dyngrid, 0.22, 0.9560, RANDOM, 0.90, 0, 118, 235, 118, 1516, ontime, 128.00000000000003
dyngrid, 0.27, 0.9460, RANDOM, 0.90, 0, 347, 347, 347, 2569, ontime, 347.79999999999995
dyngrid, 0.32, 0.9360, RANDOM, 0.90, 0, 40, 40, 40, 628, ontime, 40.4
dyngrid, 0.37, 0.9260, RANDOM, 0.90, 0, 47, 47, 47, 1003, ontime, 47.8
dyngrid, 0.42, 0.9160, RANDOM, 0.90, 0, 24, 24, 24, 762, ontime, 25.199999999999996
dyngrid, 0.47, 0.9060, RANDOM, 0.90, 0, 20, 20, 20, 664, ontime, 21.200000000000003
dyngrid, 0.52, 0.8960, RANDOM, 0.90, 0, 46, 0, 46, 1273, ontime, 47.199999999999996
dyngrid, 0.57, 0.8860, RANDOM, 0.90, 0, 43, 0, 43, 896, ontime, 55.09999999999998
dyngrid, 0.62, 0.8760, RANDOM, 0.90, 0, 76, 0, 76, 1422, ontime, 77.19999999999999
dyngrid, 0.67, 0.8660, RANDOM, 0.90, 0, 93, 0, 93, 1973, ontime, 93.80000000000001
dyngrid, 0.72, 0.8560, RANDOM, 0.90, 0, 56, 0, 56, 874, ontime, 56.4
dyngrid, 0.77, 0.8460, RANDOM, 0.90, 0, 56, 0, 56, 1864, ontime, 56.4
dyngrid, 0.82, 0.8360, RANDOM, 0.90, 0, 77, 0, 77, 2647, ontime, 78.6
dyngrid, 0.87, 0.8260, RANDOM, 0.90, 0, 22, 0, 22, 917, ontime, 22.4
dyngrid, 0.92, 0.8160, RANDOM, 0.90, 0, 51, 0, 51, 1564, ontime, 52.599999999999994
dyngrid, 0.97, 0.8060, RANDOM, 0.90, 0, 23, 0, 23, 1135, ontime, 23.799999999999997
scenario, pChange, gamma, recovery_strategy, required_certainty, build_plans, matrices, visited_states, actions, time, timeout, cost
dyngrid, 0.00, 1.0000, RANDOM, 0.90, 0, 97, 551, 97, 1585, ontime, 107.50000000000003
dyngrid, 0.02, 0.9960, RANDOM, 0.90, 0, 303, 858, 303, 2448, ontime, 329.29999999999984
dyngrid, 0.04, 0.9920, RANDOM, 0.90, 0, 36, 195, 36, 1046, ontime, 39.29999999999999
dyngrid, 0.06, 0.9880, RANDOM, 0.90, 0, 233, 627, 233, 2162, ontime, 258.20000000000016
dyngrid, 0.08, 0.9840, RANDOM, 0.90, 0, 59, 195, 59, 1049, ontime, 65.0
dyngrid, 0.10, 0.9800, RANDOM, 0.90, 0, 185, 450, 185, 1844, ontime, 198.4000000000001
dyngrid, 0.12, 0.9760, RANDOM, 0.90, 0, 236, 574, 236, 2220, ontime, 254.20000000000013
dyngrid, 0.14, 0.9720, RANDOM, 0.90, 0, 185, 436, 185, 1849, ontime, 199.5000000000001
dyngrid, 0.16, 0.9680, RANDOM, 0.90, 0, 68, 165, 68, 1333, ontime, 74.6
dyngrid, 0.18, 0.9640, RANDOM, 0.90, 0, 25, 49, 25, 644, ontime, 26.599999999999998
dyngrid, 0.20, 0.9600, RANDOM, 0.90, 0, 98, 195, 98, 1674, ontime, 102.1
dyngrid, 0.22, 0.9560, RANDOM, 0.90, 0, 117, 233, 117, 1808, ontime, 124.10000000000004
dyngrid, 0.27, 0.9460, RANDOM, 0.90, 0, 96, 96, 96, 1208, ontime, 96.4
dyngrid, 0.32, 0.9360, RANDOM, 0.90, 0, 56, 56, 56, 1092, ontime, 57.99999999999999
dyngrid, 0.37, 0.9260, RANDOM, 0.90, 0, 95, 95, 95, 1774, ontime, 95.0
dyngrid, 0.42, 0.9160, RANDOM, 0.90, 0, 46, 46, 46, 798, ontime, 46.4
dyngrid, 0.47, 0.9060, RANDOM, 0.90, 0, 88, 88, 88, 999, ontime, 89.2
dyngrid, 0.52, 0.8960, RANDOM, 0.90, 0, 46, 0, 46, 751, ontime, 47.199999999999996
dyngrid, 0.57, 0.8860, RANDOM, 0.90, 0, 32, 0, 32, 752, ontime, 32.4
dyngrid, 0.62, 0.8760, RANDOM, 0.90, 0, 6, 0, 6, 10130, timeout, 6.0
dyngrid, 0.67, 0.8660, RANDOM, 0.90, 0, 44, 0, 44, 1151, ontime, 45.199999999999996
dyngrid, 0.72, 0.8560, RANDOM, 0.90, 0, 42, 0, 42, 1276, ontime, 43.199999999999996
dyngrid, 0.77, 0.8460, RANDOM, 0.90, 0, 42, 0, 42, 1784, ontime, 43.99999999999999
dyngrid, 0.82, 0.8360, RANDOM, 0.90, 0, 29, 0, 29, 1415, ontime, 30.599999999999994
dyngrid, 0.87, 0.8260, RANDOM, 0.90, 0, 27, 0, 27, 1098, ontime, 27.0
dyngrid, 0.92, 0.8160, RANDOM, 0.90, 0, 26, 0, 26, 918, ontime, 27.999999999999996
dyngrid, 0.97, 0.8060, RANDOM, 0.90, 0, 23, 0, 23, 1177, ontime, 24.6
scenario, pChange, gamma, recovery_strategy, required_certainty, build_plans, matrices, visited_states, actions, time, timeout, cost
dyngrid, 0.00, 1.0000, RANDOM, 0.90, 0, 70, 293, 70, 1242, ontime, 80.90000000000005
dyngrid, 0.02, 0.9960, RANDOM, 0.90, 0, 51, 238, 51, 1091, ontime, 54.69999999999999
dyngrid, 0.04, 0.9920, RANDOM, 0.90, 0, 820, 2043, 820, 4196, ontime, 880.0999999999984
dyngrid, 0.06, 0.9880, RANDOM, 0.90, 0, 19, 124, 19, 656, ontime, 19.799999999999997
dyngrid, 0.08, 0.9840, RANDOM, 0.90, 0, 46, 187, 46, 942, ontime, 48.5
dyngrid, 0.10, 0.9800, RANDOM, 0.90, 0, 46, 147, 46, 870, ontime, 49.599999999999994
dyngrid, 0.12, 0.9760, RANDOM, 0.90, 0, 52, 147, 52, 968, ontime, 54.79999999999999
dyngrid, 0.14, 0.9720, RANDOM, 0.90, 0, 81, 198, 81, 1188, ontime, 90.40000000000002
dyngrid, 0.16, 0.9680, RANDOM, 0.90, 0, 36, 94, 36, 774, ontime, 38.49999999999999
dyngrid, 0.18, 0.9640, RANDOM, 0.90, 0, 382, 763, 382, 2860, ontime, 406.1999999999998
dyngrid, 0.20, 0.9600, RANDOM, 0.90, 0, 312, 623, 312, 2816, ontime, 334.09999999999985
dyngrid, 0.22, 0.9560, RANDOM, 0.90, 0, 22, 43, 22, 688, ontime, 24.0
dyngrid, 0.27, 0.9460, RANDOM, 0.90, 0, 48, 48, 48, 959, ontime, 49.199999999999996
dyngrid, 0.32, 0.9360, RANDOM, 0.90, 0, 20, 20, 20, 572, ontime, 21.200000000000003
dyngrid, 0.37, 0.9260, RANDOM, 0.90, 0, 152, 152, 152, 2388, ontime, 152.4
dyngrid, 0.42, 0.9160, RANDOM, 0.90, 0, 153, 153, 153, 2468, ontime, 153.8
dyngrid, 0.47, 0.9060, RANDOM, 0.90, 0, 19, 19, 19, 620, ontime, 20.599999999999998
dyngrid, 0.52, 0.8960, RANDOM, 0.90, 0, 23, 0, 23, 959, ontime, 23.0
dyngrid, 0.57, 0.8860, RANDOM, 0.90, 0, 80, 0, 80, 1708, ontime, 80.4
dyngrid, 0.62, 0.8760, RANDOM, 0.90, 0, 75, 0, 75, 2307, ontime, 75.80000000000001
dyngrid, 0.67, 0.8660, RANDOM, 0.90, 0, 50, 0, 50, 1593, ontime, 50.4
dyngrid, 0.72, 0.8560, RANDOM, 0.90, 0, 52, 0, 52, 2068, ontime, 52.4
dyngrid, 0.77, 0.8460, RANDOM, 0.90, 0, 104, 0, 104, 2851, ontime, 105.20000000000002
dyngrid, 0.82, 0.8360, RANDOM, 0.90, 0, 46, 0, 46, 2203, ontime, 46.4
dyngrid, 0.87, 0.8260, RANDOM, 0.90, 0, 21, 0, 21, 979, ontime, 22.599999999999994
dyngrid, 0.92, 0.8160, RANDOM, 0.90, 0, 36, 0, 36, 2023, ontime, 37.199999999999996
dyngrid, 0.97, 0.8060, RANDOM, 0.90, 0, 27, 0, 27, 1655, ontime, 27.799999999999997
scenario, pChange, gamma, recovery_strategy, required_certainty, build_plans, matrices, visited_states, actions, time, timeout, cost
dyngrid, 0.00, 1.0000, RANDOM, 0.90, 0, 56, 258, 56, 1077, ontime, 59.3
dyngrid, 0.02, 0.9960, RANDOM, 0.90, 0, 1604, 3779, 1604, 6437, ontime, 1736.0000000000057
dyngrid, 0.04, 0.9920, RANDOM, 0.90, 0, 154, 507, 154, 1821, ontime, 163.40000000000006
dyngrid, 0.06, 0.9880, RANDOM, 0.90, 0, 31, 143, 31, 807, ontime, 33.89999999999999
dyngrid, 0.08, 0.9840, RANDOM, 0.90, 0, 212, 574, 212, 1857, ontime, 233.10000000000016
dyngrid, 0.10, 0.9800, RANDOM, 0.90, 0, 161, 409, 161, 1586, ontime, 176.20000000000007
dyngrid, 0.12, 0.9760, RANDOM, 0.90, 0, 246, 627, 246, 2139, ontime, 264.00000000000017
dyngrid, 0.14, 0.9720, RANDOM, 0.90, 0, 58, 138, 58, 1016, ontime, 64.39999999999998
dyngrid, 0.16, 0.9680, RANDOM, 0.90, 0, 56, 139, 56, 1085, ontime, 61.39999999999999
dyngrid, 0.18, 0.9640, RANDOM, 0.90, 0, 48, 95, 48, 1009, ontime, 50.99999999999999
dyngrid, 0.20, 0.9600, RANDOM, 0.90, 0, 20, 39, 20, 622, ontime, 21.199999999999996
dyngrid, 0.22, 0.9560, RANDOM, 0.90, 0, 109, 213, 109, 1752, ontime, 119.40000000000003
dyngrid, 0.27, 0.9460, RANDOM, 0.90, 0, 126, 126, 126, 2064, ontime, 127.20000000000002
dyngrid, 0.32, 0.9360, RANDOM, 0.90, 0, 29, 29, 29, 941, ontime, 30.599999999999994
dyngrid, 0.37, 0.9260, RANDOM, 0.90, 0, 25, 25, 25, 862, ontime, 25.0
dyngrid, 0.42, 0.9160, RANDOM, 0.90, 0, 64, 64, 64, 1549, ontime, 65.19999999999999
dyngrid, 0.47, 0.9060, RANDOM, 0.90, 0, 43, 43, 43, 1204, ontime, 43.8
dyngrid, 0.52, 0.8960, RANDOM, 0.90, 0, 52, 0, 52, 1589, ontime, 53.199999999999996
dyngrid, 0.57, 0.8860, RANDOM, 0.90, 0, 49, 0, 49, 1310, ontime, 49.0
dyngrid, 0.62, 0.8760, RANDOM, 0.90, 0, 25, 0, 25, 1269, ontime, 25.0
dyngrid, 0.67, 0.8660, RANDOM, 0.90, 0, 40, 0, 40, 1633, ontime, 40.4
dyngrid, 0.72, 0.8560, RANDOM, 0.90, 0, 117, 0, 117, 3216, ontime, 117.0
dyngrid, 0.77, 0.8460, RANDOM, 0.90, 0, 88, 0, 88, 2392, ontime, 88.4
dyngrid, 0.82, 0.8360, RANDOM, 0.90, 0, 29, 0, 29, 1497, ontime, 29.0
dyngrid, 0.87, 0.8260, RANDOM, 0.90, 0, 67, 0, 67, 2644, ontime, 68.60000000000001
dyngrid, 0.92, 0.8160, RANDOM, 0.90, 0, 90, 0, 90, 3164, ontime, 91.2
dyngrid, 0.97, 0.8060, RANDOM, 0.90, 0, 23, 0, 23, 1033, ontime, 23.799999999999997
scenario, pChange, gamma, recovery_strategy, required_certainty, build_plans, matrices, visited_states, actions, time, timeout, cost
dyngrid, 0.00, 1.0000, RANDOM, 0.90, 0, 1361, 3419, 1361, 6388, ontime, 1491.8000000000052
dyngrid, 0.02, 0.9960, RANDOM, 0.90, 0, 2318, 5592, 2318, 9577, ontime, 2541.0000000000205
dyngrid, 0.04, 0.9920, RANDOM, 0.90, 0, 127, 387, 127, 1597, ontime, 148.60000000000008
dyngrid, 0.06, 0.9880, RANDOM, 0.90, 0, 205, 613, 205, 1968, ontime, 217.90000000000012
dyngrid, 0.08, 0.9840, RANDOM, 0.90, 0, 166, 460, 166, 1892, ontime, 181.20000000000007
dyngrid, 0.10, 0.9800, RANDOM, 0.90, 0, 279, 680, 279, 2497, ontime, 302.4999999999999
dyngrid, 0.12, 0.9760, RANDOM, 0.90, 0, 108, 288, 108, 1486, ontime, 117.60000000000005
dyngrid, 0.14, 0.9720, RANDOM, 0.90, 0, 160, 359, 160, 1688, ontime, 172.40000000000006
dyngrid, 0.16, 0.9680, RANDOM, 0.90, 0, 180, 419, 180, 1600, ontime, 196.6000000000001
dyngrid, 0.18, 0.9640, RANDOM, 0.90, 0, 113, 225, 113, 1450, ontime, 119.30000000000001
dyngrid, 0.20, 0.9600, RANDOM, 0.90, 0, 26, 51, 26, 842, ontime, 27.999999999999996
dyngrid, 0.22, 0.9560, RANDOM, 0.90, 0, 21, 41, 21, 485, ontime, 22.599999999999998
dyngrid, 0.27, 0.9460, RANDOM, 0.90, 0, 122, 122, 122, 1777, ontime, 124.00000000000003
dyngrid, 0.32, 0.9360, RANDOM, 0.90, 0, 135, 135, 135, 1834, ontime, 135.8
dyngrid, 0.37, 0.9260, RANDOM, 0.90, 0, 45, 45, 45, 1103, ontime, 45.8
dyngrid, 0.42, 0.9160, RANDOM, 0.90, 0, 80, 80, 80, 1616, ontime, 80.4
dyngrid, 0.47, 0.9060, RANDOM, 0.90, 0, 19, 19, 19, 909, ontime, 19.799999999999997
dyngrid, 0.52, 0.8960, RANDOM, 0.90, 0, 65, 0, 65, 1111, ontime, 65.0
dyngrid, 0.57, 0.8860, RANDOM, 0.90, 0, 61, 0, 61, 1663, ontime, 61.0
dyngrid, 0.62, 0.8760, RANDOM, 0.90, 0, 22, 0, 22, 603, ontime, 23.2
dyngrid, 0.67, 0.8660, RANDOM, 0.90, 0, 20, 0, 20, 846, ontime, 21.199999999999996
dyngrid, 0.72, 0.8560, RANDOM, 0.90, 0, 25, 0, 25, 1204, ontime, 25.799999999999997
dyngrid, 0.77, 0.8460, RANDOM, 0.90, 0, 103, 0, 103, 3185, ontime, 103.0
dyngrid, 0.82, 0.8360, RANDOM, 0.90, 0, 32, 0, 32, 1332, ontime, 33.199999999999996
dyngrid, 0.87, 0.8260, RANDOM, 0.90, 0, 23, 0, 23, 1180, ontime, 23.0
dyngrid, 0.92, 0.8160, RANDOM, 0.90, 0, 32, 0, 32, 1730, ontime, 33.2
dyngrid, 0.97, 0.8060, RANDOM, 0.90, 0, 62, 0, 62, 2485, ontime, 63.199999999999996
scenario, pChange, gamma, recovery_strategy, required_certainty, build_plans, matrices, visited_states, actions, time, timeout, cost
dyngrid, 0.00, 1.0000, RANDOM, 0.90, 0, 1950, 4818, 1948, 10104, timeout, 2115.900000000011
dyngrid, 0.02, 0.9960, RANDOM, 0.90, 0, 187, 604, 187, 1760, ontime, 209.60000000000014
dyngrid, 0.04, 0.9920, RANDOM, 0.90, 0, 150, 543, 150, 1678, ontime, 168.50000000000014
dyngrid, 0.06, 0.9880, RANDOM, 0.90, 0, 26, 165, 26, 1085, ontime, 27.2
dyngrid, 0.08, 0.9840, RANDOM, 0.90, 0, 101, 300, 101, 1469, ontime, 113.70000000000003
dyngrid, 0.10, 0.9800, RANDOM, 0.90, 0, 129, 331, 129, 1933, ontime, 146.20000000000005
dyngrid, 0.12, 0.9760, RANDOM, 0.90, 0, 161, 384, 161, 1974, ontime, 174.20000000000007
dyngrid, 0.14, 0.9720, RANDOM, 0.90, 0, 113, 264, 113, 1658, ontime, 122.70000000000003
dyngrid, 0.16, 0.9680, RANDOM, 0.90, 0, 74, 171, 74, 2095, ontime, 78.60000000000002
dyngrid, 0.18, 0.9640, RANDOM, 0.90, 0, 20, 39, 20, 639, ontime, 21.2
dyngrid, 0.20, 0.9600, RANDOM, 0.90, 0, 19, 37, 19, 485, ontime, 19.8
dyngrid, 0.22, 0.9560, RANDOM, 0.90, 0, 23, 45, 23, 616, ontime, 23.799999999999997
dyngrid, 0.27, 0.9460, RANDOM, 0.90, 0, 162, 162, 162, 1627, ontime, 164.0
dyngrid, 0.32, 0.9360, RANDOM, 0.90, 0, 34, 34, 34, 844, ontime, 34.4
dyngrid, 0.37, 0.9260, RANDOM, 0.90, 0, 48, 48, 48, 828, ontime, 49.99999999999999
dyngrid, 0.42, 0.9160, RANDOM, 0.90, 0, 118, 118, 118, 1403, ontime, 119.2
dyngrid, 0.47, 0.9060, RANDOM, 0.90, 0, 64, 64, 64, 1651, ontime, 65.2
dyngrid, 0.52, 0.8960, RANDOM, 0.90, 0, 49, 0, 49, 1587, ontime, 49.8
dyngrid, 0.57, 0.8860, RANDOM, 0.90, 0, 43, 0, 43, 1295, ontime, 43.0
dyngrid, 0.62, 0.8760, RANDOM, 0.90, 0, 36, 0, 36, 753, ontime, 36.4
dyngrid, 0.67, 0.8660, RANDOM, 0.90, 0, 50, 0, 50, 1267, ontime, 50.4
dyngrid, 0.72, 0.8560, RANDOM, 0.90, 0, 20, 0, 20, 618, ontime, 21.199999999999996
dyngrid, 0.77, 0.8460, RANDOM, 0.90, 0, 38, 0, 38, 1579, ontime, 38.4
dyngrid, 0.82, 0.8360, RANDOM, 0.90, 0, 58, 0, 58, 1736, ontime, 58.4
dyngrid, 0.87, 0.8260, RANDOM, 0.90, 0, 20, 0, 20, 1105, ontime, 20.4
dyngrid, 0.92, 0.8160, RANDOM, 0.90, 0, 20, 0, 20, 723, ontime, 21.199999999999996
dyngrid, 0.97, 0.8060, RANDOM, 0.90, 0, 20, 0, 20, 1078, ontime, 21.2
scenario, pChange, gamma, recovery_strategy, required_certainty, build_plans, matrices, visited_states, actions, time, timeout, cost
dyngrid, 0.00, 1.0000, RANDOM, 0.90, 0, 2188, 5150, 2186, 10101, timeout, 2392.600000000017
dyngrid, 0.02, 0.9960, RANDOM, 0.90, 0, 313, 897, 313, 2575, ontime, 345.39999999999986
dyngrid, 0.04, 0.9920, RANDOM, 0.90, 0, 95, 357, 95, 1434, ontime, 102.90000000000003
dyngrid, 0.06, 0.9880, RANDOM, 0.90, 0, 19, 124, 19, 755, ontime, 20.599999999999998
dyngrid, 0.08, 0.9840, RANDOM, 0.90, 0, 164, 440, 164, 1752, ontime, 180.4000000000001
dyngrid, 0.10, 0.9800, RANDOM, 0.90, 0, 230, 568, 230, 2131, ontime, 249.70000000000013
dyngrid, 0.12, 0.9760, RANDOM, 0.90, 0, 138, 343, 138, 1370, ontime, 150.10000000000008
dyngrid, 0.14, 0.9720, RANDOM, 0.90, 0, 82, 194, 82, 1056, ontime, 85.8
dyngrid, 0.16, 0.9680, RANDOM, 0.90, 0, 106, 243, 106, 1372, ontime, 112.4
dyngrid, 0.18, 0.9640, RANDOM, 0.90, 0, 229, 457, 229, 2134, ontime, 244.5000000000001
dyngrid, 0.20, 0.9600, RANDOM, 0.90, 0, 118, 235, 118, 1659, ontime, 125.40000000000005
dyngrid, 0.22, 0.9560, RANDOM, 0.90, 0, 56, 111, 56, 927, ontime, 60.09999999999999
dyngrid, 0.27, 0.9460, RANDOM, 0.90, 0, 43, 43, 43, 862, ontime, 44.599999999999994
dyngrid, 0.32, 0.9360, RANDOM, 0.90, 0, 67, 67, 67, 850, ontime, 68.6
dyngrid, 0.37, 0.9260, RANDOM, 0.90, 0, 44, 44, 44, 1163, ontime, 44.4
dyngrid, 0.42, 0.9160, RANDOM, 0.90, 0, 108, 108, 108, 1803, ontime, 108.4
dyngrid, 0.47, 0.9060, RANDOM, 0.90, 0, 47, 47, 47, 1400, ontime, 47.0
dyngrid, 0.52, 0.8960, RANDOM, 0.90, 0, 60, 0, 60, 1776, ontime, 60.4
dyngrid, 0.57, 0.8860, RANDOM, 0.90, 0, 31, 0, 31, 878, ontime, 31.0
dyngrid, 0.62, 0.8760, RANDOM, 0.90, 0, 56, 0, 56, 1882, ontime, 57.199999999999996
dyngrid, 0.67, 0.8660, RANDOM, 0.90, 0, 24, 0, 24, 1019, ontime, 25.199999999999996
dyngrid, 0.72, 0.8560, RANDOM, 0.90, 0, 40, 0, 40, 1700, ontime, 41.199999999999996
dyngrid, 0.77, 0.8460, RANDOM, 0.90, 0, 98, 0, 98, 2603, ontime, 98.4
dyngrid, 0.82, 0.8360, RANDOM, 0.90, 0, 53, 0, 53, 1927, ontime, 53.0
dyngrid, 0.87, 0.8260, RANDOM, 0.90, 0, 80, 0, 80, 2777, ontime, 80.4
dyngrid, 0.92, 0.8160, RANDOM, 0.90, 0, 38, 0, 38, 953, ontime, 39.199999999999996
dyngrid, 0.97, 0.8060, RANDOM, 0.90, 0, 24, 0, 24, 1315, ontime, 25.2
scenario, pChange, gamma, recovery_strategy, required_certainty, build_plans, matrices, visited_states, actions, time, timeout, cost
dyngrid, 0.00, 1.0000, RANDOM, 0.90, 0, 2000, 4897, 1998, 10100, timeout, 2155.6000000000117
dyngrid, 0.02, 0.9960, RANDOM, 0.90, 0, 34, 155, 34, 901, ontime, 38.39999999999999
dyngrid, 0.04, 0.9920, RANDOM, 0.90, 0, 136, 421, 136, 1488, ontime, 148.60000000000005
dyngrid, 0.06, 0.9880, RANDOM, 0.90, 0, 170, 482, 170, 1727, ontime, 185.6000000000001
dyngrid, 0.08, 0.9840, RANDOM, 0.90, 0, 347, 922, 347, 2733, ontime, 379.5999999999996
dyngrid, 0.10, 0.9800, RANDOM, 0.90, 0, 48, 154, 48, 1014, ontime, 51.49999999999999
dyngrid, 0.12, 0.9760, RANDOM, 0.90, 0, 435, 1051, 435, 2979, ontime, 469.2999999999995
dyngrid, 0.14, 0.9720, RANDOM, 0.90, 0, 245, 578, 245, 2240, ontime, 267.3000000000001
dyngrid, 0.16, 0.9680, RANDOM, 0.90, 0, 49, 121, 49, 1170, ontime, 52.999999999999986
dyngrid, 0.18, 0.9640, RANDOM, 0.90, 0, 131, 261, 131, 1689, ontime, 136.20000000000002
dyngrid, 0.20, 0.9600, RANDOM, 0.90, 0, 124, 247, 124, 1815, ontime, 132.50000000000003
dyngrid, 0.22, 0.9560, RANDOM, 0.90, 0, 80, 159, 80, 1261, ontime, 86.9
dyngrid, 0.27, 0.9460, RANDOM, 0.90, 0, 212, 212, 212, 1796, ontime, 212.4
dyngrid, 0.32, 0.9360, RANDOM, 0.90, 0, 72, 72, 72, 1770, ontime, 73.2
dyngrid, 0.37, 0.9260, RANDOM, 0.90, 0, 190, 190, 190, 2837, ontime, 190.4
dyngrid, 0.42, 0.9160, RANDOM, 0.90, 0, 85, 85, 85, 1585, ontime, 86.6
dyngrid, 0.47, 0.9060, RANDOM, 0.90, 0, 47, 47, 47, 1480, ontime, 47.8
dyngrid, 0.52, 0.8960, RANDOM, 0.90, 0, 155, 0, 155, 2261, ontime, 155.8
dyngrid, 0.57, 0.8860, RANDOM, 0.90, 0, 69, 0, 69, 1009, ontime, 69.80000000000001
dyngrid, 0.62, 0.8760, RANDOM, 0.90, 0, 119, 0, 119, 1631, ontime, 119.8
dyngrid, 0.67, 0.8660, RANDOM, 0.90, 0, 52, 0, 52, 817, ontime, 53.199999999999996
dyngrid, 0.72, 0.8560, RANDOM, 0.90, 0, 19, 0, 19, 968, ontime, 19.799999999999997
dyngrid, 0.77, 0.8460, RANDOM, 0.90, 0, 34, 0, 34, 1398, ontime, 34.4
dyngrid, 0.82, 0.8360, RANDOM, 0.90, 0, 58, 0, 58, 1227, ontime, 58.4
dyngrid, 0.87, 0.8260, RANDOM, 0.90, 0, 33, 0, 33, 1524, ontime, 33.0
dyngrid, 0.92, 0.8160, RANDOM, 0.90, 0, 37, 0, 37, 1420, ontime, 37.8
dyngrid, 0.97, 0.8060, RANDOM, 0.90, 0, 34, 0, 34, 1114, ontime, 35.199999999999996
scenario, pChange, gamma, recovery_strategy, required_certainty, build_plans, matrices, visited_states, actions, time, timeout, cost
dyngrid, 0.00, 1.0000, RANDOM, 0.90, 0, 1794, 4431, 1792, 10109, timeout, 1976.2000000000116
dyngrid, 0.02, 0.9960, RANDOM, 0.90, 0, 77, 302, 77, 1292, ontime, 87.80000000000001
dyngrid, 0.04, 0.9920, RANDOM, 0.90, 0, 29, 164, 29, 884, ontime, 31.099999999999994
dyngrid, 0.06, 0.9880, RANDOM, 0.90, 0, 32, 197, 32, 935, ontime, 35.599999999999994
dyngrid, 0.08, 0.9840, RANDOM, 0.90, 0, 31, 130, 31, 821, ontime, 35.699999999999996
dyngrid, 0.10, 0.9800, RANDOM, 0.90, 0, 44, 154, 44, 1067, ontime, 47.79999999999999
dyngrid, 0.12, 0.9760, RANDOM, 0.90, 0, 100, 259, 100, 1404, ontime, 108.80000000000004
dyngrid, 0.14, 0.9720, RANDOM, 0.90, 0, 21, 60, 21, 579, ontime, 21.799999999999997
dyngrid, 0.16, 0.9680, RANDOM, 0.90, 0, 20, 57, 20, 521, ontime, 21.2
dyngrid, 0.18, 0.9640, RANDOM, 0.90, 0, 19, 37, 19, 505, ontime, 19.799999999999997
dyngrid, 0.20, 0.9600, RANDOM, 0.90, 0, 159, 317, 159, 1812, ontime, 167.50000000000009
dyngrid, 0.22, 0.9560, RANDOM, 0.90, 0, 44, 87, 44, 895, ontime, 46.49999999999999
dyngrid, 0.27, 0.9460, RANDOM, 0.90, 0, 84, 84, 84, 1170, ontime, 84.4
dyngrid, 0.32, 0.9360, RANDOM, 0.90, 0, 47, 47, 47, 991, ontime, 47.8
dyngrid, 0.37, 0.9260, RANDOM, 0.90, 0, 148, 148, 148, 2027, ontime, 148.4
dyngrid, 0.42, 0.9160, RANDOM, 0.90, 0, 20, 20, 20, 493, ontime, 21.199999999999996
dyngrid, 0.47, 0.9060, RANDOM, 0.90, 0, 55, 55, 55, 767, ontime, 55.8
dyngrid, 0.52, 0.8960, RANDOM, 0.90, 0, 60, 0, 60, 1669, ontime, 60.4
dyngrid, 0.57, 0.8860, RANDOM, 0.90, 0, 29, 0, 29, 872, ontime, 30.599999999999994
dyngrid, 0.62, 0.8760, RANDOM, 0.90, 0, 19, 0, 19, 682, ontime, 19.8
dyngrid, 0.67, 0.8660, RANDOM, 0.90, 0, 56, 0, 56, 1359, ontime, 57.199999999999996
dyngrid, 0.72, 0.8560, RANDOM, 0.90, 0, 30, 0, 30, 876, ontime, 31.2
dyngrid, 0.77, 0.8460, RANDOM, 0.90, 0, 50, 0, 50, 1633, ontime, 50.4
dyngrid, 0.82, 0.8360, RANDOM, 0.90, 0, 36, 0, 36, 1283, ontime, 37.199999999999996
dyngrid, 0.87, 0.8260, RANDOM, 0.90, 0, 37, 0, 37, 836, ontime, 37.8
dyngrid, 0.92, 0.8160, RANDOM, 0.90, 0, 59, 0, 59, 2177, ontime, 59.0
dyngrid, 0.97, 0.8060, RANDOM, 0.90, 0, 42, 0, 42, 1600, ontime, 42.4
scenario, pChange, gamma, recovery_strategy, required_certainty, build_plans, matrices, visited_states, actions, time, timeout, cost
dyngrid, 0.00, 1.0000, RANDOM, 0.90, 0, 2115, 4720, 2113, 10111, timeout, 2313.5000000000086
dyngrid, 0.02, 0.9960, RANDOM, 0.90, 0, 105, 376, 105, 1505, ontime, 112.9
dyngrid, 0.04, 0.9920, RANDOM, 0.90, 0, 429, 1089, 429, 3160, ontime, 468.19999999999953
dyngrid, 0.06, 0.9880, RANDOM, 0.90, 0, 48, 207, 48, 1191, ontime, 52.899999999999984
dyngrid, 0.08, 0.9840, RANDOM, 0.90, 0, 63, 186, 63, 1018, ontime, 70.60000000000001
dyngrid, 0.10, 0.9800, RANDOM, 0.90, 0, 157, 403, 157, 1985, ontime, 172.6000000000001
dyngrid, 0.12, 0.9760, RANDOM, 0.90, 0, 124, 317, 124, 1602, ontime, 137.20000000000005
dyngrid, 0.14, 0.9720, RANDOM, 0.90, 0, 99, 237, 99, 1373, ontime, 101.4
dyngrid, 0.16, 0.9680, RANDOM, 0.90, 0, 146, 344, 146, 1696, ontime, 155.8000000000001
dyngrid, 0.18, 0.9640, RANDOM, 0.90, 0, 90, 179, 90, 1294, ontime, 98.00000000000003
dyngrid, 0.20, 0.9600, RANDOM, 0.90, 0, 183, 365, 183, 1942, ontime, 192.20000000000005
dyngrid, 0.22, 0.9560, RANDOM, 0.90, 0, 134, 267, 134, 1621, ontime, 146.40000000000006
dyngrid, 0.27, 0.9460, RANDOM, 0.90, 0, 76, 76, 76, 1134, ontime, 77.2
dyngrid, 0.32, 0.9360, RANDOM, 0.90, 0, 110, 110, 110, 1338, ontime, 111.20000000000002
dyngrid, 0.37, 0.9260, RANDOM, 0.90, 0, 96, 96, 96, 1468, ontime, 96.4
dyngrid, 0.42, 0.9160, RANDOM, 0.90, 0, 50, 50, 50, 1059, ontime, 51.199999999999996
dyngrid, 0.47, 0.9060, RANDOM, 0.90, 0, 53, 53, 53, 732, ontime, 53.8
dyngrid, 0.52, 0.8960, RANDOM, 0.90, 0, 45, 0, 45, 988, ontime, 45.8
dyngrid, 0.57, 0.8860, RANDOM, 0.90, 0, 41, 0, 41, 1279, ontime, 41.8
dyngrid, 0.62, 0.8760, RANDOM, 0.90, 0, 30, 0, 30, 738, ontime, 32.8
dyngrid, 0.67, 0.8660, RANDOM, 0.90, 0, 54, 0, 54, 1070, ontime, 55.199999999999996
dyngrid, 0.72, 0.8560, RANDOM, 0.90, 0, 84, 0, 84, 1353, ontime, 85.20000000000002
dyngrid, 0.77, 0.8460, RANDOM, 0.90, 0, 25, 0, 25, 1254, ontime, 25.799999999999997
dyngrid, 0.82, 0.8360, RANDOM, 0.90, 0, 51, 0, 51, 2294, ontime, 51.8
dyngrid, 0.87, 0.8260, RANDOM, 0.90, 0, 45, 0, 45, 1486, ontime, 45.8
dyngrid, 0.92, 0.8160, RANDOM, 0.90, 0, 40, 0, 40, 1757, ontime, 41.199999999999996
dyngrid, 0.97, 0.8060, RANDOM, 0.90, 0, 56, 0, 56, 2228, ontime, 56.4
scenario, pChange, gamma, recovery_strategy, required_certainty, build_plans, matrices, visited_states, actions, time, timeout, cost
dyngrid, 0.00, 1.0000, RANDOM, 0.90, 0, 1865, 4485, 1863, 10135, timeout, 2066.7000000000135
dyngrid, 0.02, 0.9960, RANDOM, 0.90, 0, 19, 190, 19, 940, ontime, 19.799999999999997
dyngrid, 0.04, 0.9920, RANDOM, 0.90, 0, 218, 646, 218, 2092, ontime, 235.50000000000014
dyngrid, 0.06, 0.9880, RANDOM, 0.90, 0, 101, 306, 101, 1684, ontime, 108.80000000000003
dyngrid, 0.08, 0.9840, RANDOM, 0.90, 0, 182, 467, 182, 1639, ontime, 203.10000000000014
dyngrid, 0.10, 0.9800, RANDOM, 0.90, 0, 122, 340, 122, 1802, ontime, 134.50000000000006
dyngrid, 0.12, 0.9760, RANDOM, 0.90, 0, 263, 637, 263, 2543, ontime, 281.1
dyngrid, 0.14, 0.9720, RANDOM, 0.90, 0, 748, 1692, 748, 4466, ontime, 809.4999999999983
dyngrid, 0.16, 0.9680, RANDOM, 0.90, 0, 227, 514, 227, 2296, ontime, 241.20000000000013
dyngrid, 0.18, 0.9640, RANDOM, 0.90, 0, 49, 97, 49, 858, ontime, 49.8
dyngrid, 0.20, 0.9600, RANDOM, 0.90, 0, 224, 447, 224, 2131, ontime, 237.00000000000009
dyngrid, 0.22, 0.9560, RANDOM, 0.90, 0, 295, 589, 295, 2862, ontime, 309.3999999999999
dyngrid, 0.27, 0.9460, RANDOM, 0.90, 0, 45, 45, 45, 742, ontime, 45.8
dyngrid, 0.32, 0.9360, RANDOM, 0.90, 0, 51, 51, 51, 1074, ontime, 51.0
dyngrid, 0.37, 0.9260, RANDOM, 0.90, 0, 65, 65, 65, 1686, ontime, 65.8
dyngrid, 0.42, 0.9160, RANDOM, 0.90, 0, 36, 36, 36, 880, ontime, 37.199999999999996
dyngrid, 0.47, 0.9060, RANDOM, 0.90, 0, 253, 253, 253, 2934, ontime, 253.8
dyngrid, 0.52, 0.8960, RANDOM, 0.90, 0, 19, 0, 19, 642, ontime, 20.599999999999998
dyngrid, 0.57, 0.8860, RANDOM, 0.90, 0, 40, 0, 40, 1194, ontime, 40.4
dyngrid, 0.62, 0.8760, RANDOM, 0.90, 0, 56, 0, 56, 1082, ontime, 56.4
dyngrid, 0.67, 0.8660, RANDOM, 0.90, 0, 54, 0, 54, 1518, ontime, 54.4
dyngrid, 0.72, 0.8560, RANDOM, 0.90, 0, 77, 0, 77, 2508, ontime, 77.80000000000001
dyngrid, 0.77, 0.8460, RANDOM, 0.90, 0, 29, 0, 29, 1343, ontime, 29.799999999999997
dyngrid, 0.82, 0.8360, RANDOM, 0.90, 0, 20, 0, 20, 802, ontime, 21.199999999999996
dyngrid, 0.87, 0.8260, RANDOM, 0.90, 0, 25, 0, 25, 1055, ontime, 26.599999999999994
dyngrid, 0.92, 0.8160, RANDOM, 0.90, 0, 34, 0, 34, 1757, ontime, 34.4
dyngrid, 0.97, 0.8060, RANDOM, 0.90, 0, 102, 0, 102, 2880, ontime, 102.4
scenario, pChange, gamma, recovery_strategy, required_certainty, build_plans, matrices, visited_states, actions, time, timeout, cost
dyngrid, 0.00, 1.0000, RANDOM, 0.90, 0, 19, 190, 19, 810, ontime, 19.799999999999997
dyngrid, 0.02, 0.9960, RANDOM, 0.90, 0, 320, 823, 320, 2458, ontime, 350.4999999999998
dyngrid, 0.04, 0.9920, RANDOM, 0.90, 0, 164, 503, 164, 1835, ontime, 176.20000000000007
dyngrid, 0.06, 0.9880, RANDOM, 0.90, 0, 83, 285, 83, 1334, ontime, 90.80000000000003
dyngrid, 0.08, 0.9840, RANDOM, 0.90, 0, 25, 121, 25, 748, ontime, 26.599999999999998
dyngrid, 0.10, 0.9800, RANDOM, 0.90, 0, 39, 136, 39, 923, ontime, 42.69999999999999
dyngrid, 0.12, 0.9760, RANDOM, 0.90, 0, 213, 512, 213, 2311, ontime, 231.10000000000014
dyngrid, 0.14, 0.9720, RANDOM, 0.90, 0, 111, 262, 111, 1418, ontime, 121.50000000000004
dyngrid, 0.16, 0.9680, RANDOM, 0.90, 0, 105, 246, 105, 1570, ontime, 110.00000000000003
dyngrid, 0.18, 0.9640, RANDOM, 0.90, 0, 115, 229, 115, 1327, ontime, 124.20000000000003
dyngrid, 0.20, 0.9600, RANDOM, 0.90, 0, 43, 85, 43, 764, ontime, 45.89999999999999
dyngrid, 0.22, 0.9560, RANDOM, 0.90, 0, 19, 37, 19, 583, ontime, 20.599999999999998
dyngrid, 0.27, 0.9460, RANDOM, 0.90, 0, 21, 21, 21, 584, ontime, 21.8
dyngrid, 0.32, 0.9360, RANDOM, 0.90, 0, 125, 125, 125, 1228, ontime, 126.60000000000002
dyngrid, 0.37, 0.9260, RANDOM, 0.90, 0, 19, 19, 19, 476, ontime, 20.6
dyngrid, 0.42, 0.9160, RANDOM, 0.90, 0, 83, 83, 83, 1752, ontime, 83.80000000000001
dyngrid, 0.47, 0.9060, RANDOM, 0.90, 0, 104, 104, 104, 1437, ontime, 105.20000000000002
dyngrid, 0.52, 0.8960, RANDOM, 0.90, 0, 51, 0, 51, 1330, ontime, 51.8
dyngrid, 0.57, 0.8860, RANDOM, 0.90, 0, 29, 0, 29, 728, ontime, 29.799999999999997
dyngrid, 0.62, 0.8760, RANDOM, 0.90, 0, 23, 0, 23, 916, ontime, 23.8
dyngrid, 0.67, 0.8660, RANDOM, 0.90, 0, 136, 0, 136, 2661, ontime, 137.20000000000002
dyngrid, 0.72, 0.8560, RANDOM, 0.90, 0, 71, 0, 71, 1898, ontime, 71.80000000000001
dyngrid, 0.77, 0.8460, RANDOM, 0.90, 0, 146, 0, 146, 3259, ontime, 146.4
dyngrid, 0.82, 0.8360, RANDOM, 0.90, 0, 53, 0, 53, 1449, ontime, 53.8
dyngrid, 0.87, 0.8260, RANDOM, 0.90, 0, 26, 0, 26, 1030, ontime, 27.999999999999993
dyngrid, 0.92, 0.8160, RANDOM, 0.90, 0, 29, 0, 29, 1573, ontime, 29.799999999999997
dyngrid, 0.97, 0.8060, RANDOM, 0.90, 0, 62, 0, 62, 2234, ontime, 63.99999999999999
scenario, pChange, gamma, recovery_strategy, required_certainty, build_plans, matrices, visited_states, actions, time, timeout, cost
dyngrid, 0.00, 1.0000, RANDOM, 0.90, 0, 1996, 4584, 1994, 10114, timeout, 2182.0000000000136
dyngrid, 0.02, 0.9960, RANDOM, 0.90, 0, 468, 1131, 468, 2881, ontime, 507.4999999999997
dyngrid, 0.04, 0.9920, RANDOM, 0.90, 0, 20, 182, 20, 832, ontime, 21.199999999999996
dyngrid, 0.06, 0.9880, RANDOM, 0.90, 0, 262, 720, 262, 2003, ontime, 288.40000000000003
dyngrid, 0.08, 0.9840, RANDOM, 0.90, 0, 213, 609, 213, 1966, ontime, 237.3000000000002
dyngrid, 0.10, 0.9800, RANDOM, 0.90, 0, 24, 105, 24, 778, ontime, 26.799999999999997
dyngrid, 0.12, 0.9760, RANDOM, 0.90, 0, 241, 592, 241, 2190, ontime, 261.9000000000001
dyngrid, 0.14, 0.9720, RANDOM, 0.90, 0, 119, 283, 119, 1523, ontime, 125.10000000000005
dyngrid, 0.16, 0.9680, RANDOM, 0.90, 0, 35, 89, 35, 859, ontime, 36.3
dyngrid, 0.18, 0.9640, RANDOM, 0.90, 0, 231, 461, 231, 2310, ontime, 243.60000000000008
dyngrid, 0.20, 0.9600, RANDOM, 0.90, 0, 152, 303, 152, 1516, ontime, 163.60000000000005
dyngrid, 0.22, 0.9560, RANDOM, 0.90, 0, 52, 103, 52, 974, ontime, 55.3
dyngrid, 0.27, 0.9460, RANDOM, 0.90, 0, 39, 39, 39, 915, ontime, 39.8
dyngrid, 0.32, 0.9360, RANDOM, 0.90, 0, 26, 26, 26, 782, ontime, 27.199999999999996
dyngrid, 0.37, 0.9260, RANDOM, 0.90, 0, 60, 60, 60, 873, ontime, 61.199999999999996
dyngrid, 0.42, 0.9160, RANDOM, 0.90, 0, 85, 85, 85, 1399, ontime, 85.8
dyngrid, 0.47, 0.9060, RANDOM, 0.90, 0, 20, 20, 20, 586, ontime, 21.2
dyngrid, 0.52, 0.8960, RANDOM, 0.90, 0, 74, 0, 74, 1659, ontime, 74.4
dyngrid, 0.57, 0.8860, RANDOM, 0.90, 0, 88, 0, 88, 1902, ontime, 89.20000000000002
dyngrid, 0.62, 0.8760, RANDOM, 0.90, 0, 89, 0, 89, 1244, ontime, 89.8
dyngrid, 0.67, 0.8660, RANDOM, 0.90, 0, 48, 0, 48, 1637, ontime, 49.199999999999996
dyngrid, 0.72, 0.8560, RANDOM, 0.90, 0, 41, 0, 41, 1165, ontime, 41.0
dyngrid, 0.77, 0.8460, RANDOM, 0.90, 0, 55, 0, 55, 1855, ontime, 55.0
dyngrid, 0.82, 0.8360, RANDOM, 0.90, 0, 29, 0, 29, 1273, ontime, 30.599999999999994
dyngrid, 0.87, 0.8260, RANDOM, 0.90, 0, 25, 0, 25, 883, ontime, 25.799999999999997
dyngrid, 0.92, 0.8160, RANDOM, 0.90, 0, 41, 0, 41, 1644, ontime, 41.8
dyngrid, 0.97, 0.8060, RANDOM, 0.90, 0, 26, 0, 26, 810, ontime, 27.199999999999996
scenario, pChange, gamma, recovery_strategy, required_certainty, build_plans, matrices, visited_states, actions, time, timeout, cost
dyngrid, 0.00, 1.0000, RANDOM, 0.90, 0, 41, 305, 41, 1071, ontime, 46.79999999999998
dyngrid, 0.02, 0.9960, RANDOM, 0.90, 0, 1686, 4087, 1686, 6678, ontime, 1822.8000000000095
dyngrid, 0.04, 0.9920, RANDOM, 0.90, 0, 161, 426, 161, 1708, ontime, 179.40000000000015
dyngrid, 0.06, 0.9880, RANDOM, 0.90, 0, 33, 152, 33, 752, ontime, 35.4
dyngrid, 0.08, 0.9840, RANDOM, 0.90, 0, 153, 388, 153, 1870, ontime, 172.00000000000009
dyngrid, 0.10, 0.9800, RANDOM, 0.90, 0, 251, 622, 251, 2204, ontime, 274.9000000000001
dyngrid, 0.12, 0.9760, RANDOM, 0.90, 0, 561, 1267, 561, 3300, ontime, 601.4999999999995
dyngrid, 0.14, 0.9720, RANDOM, 0.90, 0, 149, 349, 149, 1619, ontime, 161.20000000000005
dyngrid, 0.16, 0.9680, RANDOM, 0.90, 0, 162, 381, 162, 1656, ontime, 173.90000000000006
dyngrid, 0.18, 0.9640, RANDOM, 0.90, 0, 108, 215, 108, 1539, ontime, 116.40000000000003
dyngrid, 0.20, 0.9600, RANDOM, 0.90, 0, 91, 181, 91, 1385, ontime, 98.60000000000002
dyngrid, 0.22, 0.9560, RANDOM, 0.90, 0, 78, 155, 78, 1027, ontime, 81.80000000000001
dyngrid, 0.27, 0.9460, RANDOM, 0.90, 0, 57, 57, 57, 814, ontime, 57.8
dyngrid, 0.32, 0.9360, RANDOM, 0.90, 0, 98, 98, 98, 1169, ontime, 98.4
dyngrid, 0.37, 0.9260, RANDOM, 0.90, 0, 67, 67, 67, 1175, ontime, 67.8
dyngrid, 0.42, 0.9160, RANDOM, 0.90, 0, 103, 103, 103, 1389, ontime, 104.60000000000001
dyngrid, 0.47, 0.9060, RANDOM, 0.90, 0, 63, 63, 63, 1206, ontime, 63.8
dyngrid, 0.52, 0.8960, RANDOM, 0.90, 0, 37, 0, 37, 894, ontime, 37.8
dyngrid, 0.57, 0.8860, RANDOM, 0.90, 0, 76, 0, 76, 1424, ontime, 76.4
dyngrid, 0.62, 0.8760, RANDOM, 0.90, 0, 57, 0, 57, 1596, ontime, 57.8
dyngrid, 0.67, 0.8660, RANDOM, 0.90, 0, 19, 0, 19, 505, ontime, 19.0
dyngrid, 0.72, 0.8560, RANDOM, 0.90, 0, 61, 0, 61, 2276, ontime, 61.8
dyngrid, 0.77, 0.8460, RANDOM, 0.90, 0, 61, 0, 61, 2399, ontime, 61.8
dyngrid, 0.82, 0.8360, RANDOM, 0.90, 0, 34, 0, 34, 1220, ontime, 35.199999999999996
dyngrid, 0.87, 0.8260, RANDOM, 0.90, 0, 52, 0, 52, 2672, ontime, 52.4
dyngrid, 0.92, 0.8160, RANDOM, 0.90, 0, 49, 0, 49, 2387, ontime, 49.0
dyngrid, 0.97, 0.8060, RANDOM, 0.90, 0, 26, 0, 26, 1277, ontime, 26.4
scenario, pChange, gamma, recovery_strategy, required_certainty, build_plans, matrices, visited_states, actions, time, timeout, cost
dyngrid, 0.00, 1.0000, RANDOM, 0.90, 0, 143, 436, 143, 1491, ontime, 159.10000000000014
dyngrid, 0.02, 0.9960, RANDOM, 0.90, 0, 20, 210, 20, 808, ontime, 22.0
dyngrid, 0.04, 0.9920, RANDOM, 0.90, 0, 30, 220, 30, 823, ontime, 31.999999999999996
dyngrid, 0.06, 0.9880, RANDOM, 0.90, 0, 72, 283, 72, 1313, ontime, 79.00000000000003
dyngrid, 0.08, 0.9840, RANDOM, 0.90, 0, 135, 356, 135, 1558, ontime, 147.50000000000006
dyngrid, 0.10, 0.9800, RANDOM, 0.90, 0, 210, 513, 210, 1966, ontime, 224.50000000000009
dyngrid, 0.12, 0.9760, RANDOM, 0.90, 0, 224, 546, 224, 2220, ontime, 244.00000000000014
dyngrid, 0.14, 0.9720, RANDOM, 0.90, 0, 51, 130, 51, 1069, ontime, 57.79999999999998
dyngrid, 0.16, 0.9680, RANDOM, 0.90, 0, 194, 445, 194, 2044, ontime, 211.40000000000012
dyngrid, 0.18, 0.9640, RANDOM, 0.90, 0, 34, 67, 34, 931, ontime, 34.4
dyngrid, 0.20, 0.9600, RANDOM, 0.90, 0, 76, 151, 76, 1119, ontime, 79.80000000000001
dyngrid, 0.22, 0.9560, RANDOM, 0.90, 0, 19, 37, 19, 585, ontime, 20.599999999999998
dyngrid, 0.27, 0.9460, RANDOM, 0.90, 0, 79, 79, 79, 1162, ontime, 79.0
dyngrid, 0.32, 0.9360, RANDOM, 0.90, 0, 33, 33, 33, 658, ontime, 34.599999999999994
dyngrid, 0.37, 0.9260, RANDOM, 0.90, 0, 20, 20, 20, 572, ontime, 21.199999999999996
dyngrid, 0.42, 0.9160, RANDOM, 0.90, 0, 27, 27, 27, 820, ontime, 27.799999999999997
dyngrid, 0.47, 0.9060, RANDOM, 0.90, 0, 27, 27, 27, 681, ontime, 27.799999999999997
dyngrid, 0.52, 0.8960, RANDOM, 0.90, 0, 63, 0, 63, 1428, ontime, 63.8
dyngrid, 0.57, 0.8860, RANDOM, 0.90, 0, 19, 0, 19, 861, ontime, 19.799999999999997
dyngrid, 0.62, 0.8760, RANDOM, 0.90, 0, 76, 0, 76, 2141, ontime, 76.4
dyngrid, 0.67, 0.8660, RANDOM, 0.90, 0, 68, 0, 68, 1975, ontime, 69.20000000000002
dyngrid, 0.72, 0.8560, RANDOM, 0.90, 0, 19, 0, 19, 574, ontime, 19.799999999999997
dyngrid, 0.77, 0.8460, RANDOM, 0.90, 0, 71, 0, 71, 2259, ontime, 71.80000000000001
dyngrid, 0.82, 0.8360, RANDOM, 0.90, 0, 23, 0, 23, 723, ontime, 23.8
dyngrid, 0.87, 0.8260, RANDOM, 0.90, 0, 80, 0, 80, 2280, ontime, 80.4
dyngrid, 0.92, 0.8160, RANDOM, 0.90, 0, 33, 0, 33, 1012, ontime, 33.8
dyngrid, 0.97, 0.8060, RANDOM, 0.90, 0, 31, 0, 31, 1224, ontime, 32.599999999999994
scenario, pChange, gamma, recovery_strategy, required_certainty, build_plans, matrices, visited_states, actions, time, timeout, cost
dyngrid, 0.00, 1.0000, RANDOM, 0.90, 0, 365, 1005, 365, 2758, ontime, 400.2999999999995
dyngrid, 0.02, 0.9960, RANDOM, 0.90, 0, 1402, 3455, 1402, 5827, ontime, 1541.600000000007
dyngrid, 0.04, 0.9920, RANDOM, 0.90, 0, 234, 549, 234, 1767, ontime, 255.40000000000015
dyngrid, 0.06, 0.9880, RANDOM, 0.90, 0, 226, 566, 226, 1893, ontime, 246.5000000000001
dyngrid, 0.08, 0.9840, RANDOM, 0.90, 0, 593, 1511, 593, 3943, ontime, 644.599999999999
dyngrid, 0.10, 0.9800, RANDOM, 0.90, 0, 671, 1663, 671, 4045, ontime, 731.0999999999984
dyngrid, 0.12, 0.9760, RANDOM, 0.90, 0, 115, 291, 115, 1490, ontime, 129.30000000000004
dyngrid, 0.14, 0.9720, RANDOM, 0.90, 0, 19, 54, 19, 488, ontime, 19.799999999999997
dyngrid, 0.16, 0.9680, RANDOM, 0.90, 0, 184, 431, 184, 2325, ontime, 200.1000000000001
dyngrid, 0.18, 0.9640, RANDOM, 0.90, 0, 59, 117, 59, 1180, ontime, 62.99999999999999
dyngrid, 0.20, 0.9600, RANDOM, 0.90, 0, 227, 453, 227, 2450, ontime, 239.8000000000001
dyngrid, 0.22, 0.9560, RANDOM, 0.90, 0, 36, 71, 36, 928, ontime, 37.699999999999996
dyngrid, 0.27, 0.9460, RANDOM, 0.90, 0, 97, 97, 97, 1420, ontime, 98.60000000000002
dyngrid, 0.32, 0.9360, RANDOM, 0.90, 0, 67, 67, 67, 1182, ontime, 67.80000000000001
dyngrid, 0.37, 0.9260, RANDOM, 0.90, 0, 66, 66, 66, 949, ontime, 66.4
dyngrid, 0.42, 0.9160, RANDOM, 0.90, 0, 75, 75, 75, 953, ontime, 75.8
dyngrid, 0.47, 0.9060, RANDOM, 0.90, 0, 72, 72, 72, 1147, ontime, 72.4
dyngrid, 0.52, 0.8960, RANDOM, 0.90, 0, 21, 0, 21, 531, ontime, 22.599999999999998
dyngrid, 0.57, 0.8860, RANDOM, 0.90, 0, 89, 0, 89, 2349, ontime, 89.80000000000001
dyngrid, 0.62, 0.8760, RANDOM, 0.90, 0, 29, 0, 29, 1085, ontime, 30.599999999999998
dyngrid, 0.67, 0.8660, RANDOM, 0.90, 0, 33, 0, 33, 1273, ontime, 33.8
dyngrid, 0.72, 0.8560, RANDOM, 0.90, 0, 19, 0, 19, 907, ontime, 19.0
dyngrid, 0.77, 0.8460, RANDOM, 0.90, 0, 104, 0, 104, 3212, ontime, 105.2
dyngrid, 0.82, 0.8360, RANDOM, 0.90, 0, 65, 0, 65, 2321, ontime, 65.0
dyngrid, 0.87, 0.8260, RANDOM, 0.90, 0, 20, 0, 20, 893, ontime, 21.199999999999996
dyngrid, 0.92, 0.8160, RANDOM, 0.90, 0, 27, 0, 27, 817, ontime, 27.799999999999997
dyngrid, 0.97, 0.8060, RANDOM, 0.90, 0, 19, 0, 19, 958, ontime, 19.0
scenario, pChange, gamma, recovery_strategy, required_certainty, build_plans, matrices, visited_states, actions, time, timeout, cost
dyngrid, 0.00, 1.0000, RANDOM, 0.90, 0, 2072, 5007, 2070, 10106, timeout, 2262.500000000014
dyngrid, 0.02, 0.9960, RANDOM, 0.90, 0, 166, 462, 166, 1560, ontime, 183.9000000000001
dyngrid, 0.04, 0.9920, RANDOM, 0.90, 0, 137, 444, 137, 1331, ontime, 145.60000000000002
dyngrid, 0.06, 0.9880, RANDOM, 0.90, 0, 297, 876, 297, 2691, ontime, 323.7999999999999
dyngrid, 0.08, 0.9840, RANDOM, 0.90, 0, 518, 1189, 518, 3142, ontime, 565.9999999999993
dyngrid, 0.10, 0.9800, RANDOM, 0.90, 0, 89, 255, 89, 1295, ontime, 94.80000000000001
dyngrid, 0.12, 0.9760, RANDOM, 0.90, 0, 19, 70, 19, 618, ontime, 19.799999999999997
dyngrid, 0.14, 0.9720, RANDOM, 0.90, 0, 19, 54, 19, 583, ontime, 20.6
dyngrid, 0.16, 0.9680, RANDOM, 0.90, 0, 68, 176, 68, 1143, ontime, 75.2
dyngrid, 0.18, 0.9640, RANDOM, 0.90, 0, 155, 309, 155, 1682, ontime, 164.40000000000006
dyngrid, 0.20, 0.9600, RANDOM, 0.90, 0, 132, 263, 132, 1687, ontime, 141.30000000000007
dyngrid, 0.22, 0.9560, RANDOM, 0.90, 0, 105, 209, 105, 1676, ontime, 113.60000000000002
dyngrid, 0.27, 0.9460, RANDOM, 0.90, 0, 29, 29, 29, 666, ontime, 30.599999999999994
dyngrid, 0.32, 0.9360, RANDOM, 0.90, 0, 20, 20, 20, 513, ontime, 21.999999999999996
dyngrid, 0.37, 0.9260, RANDOM, 0.90, 0, 136, 136, 136, 1683, ontime, 136.4
dyngrid, 0.42, 0.9160, RANDOM, 0.90, 0, 21, 21, 21, 635, ontime, 22.6
dyngrid, 0.47, 0.9060, RANDOM, 0.90, 0, 20, 20, 20, 570, ontime, 21.999999999999996
dyngrid, 0.52, 0.8960, RANDOM, 0.90, 0, 35, 0, 35, 1097, ontime, 35.8
dyngrid, 0.57, 0.8860, RANDOM, 0.90, 0, 30, 0, 30, 1239, ontime, 31.199999999999996
dyngrid, 0.62, 0.8760, RANDOM, 0.90, 0, 51, 0, 51, 1181, ontime, 52.599999999999994
dyngrid, 0.67, 0.8660, RANDOM, 0.90, 0, 19, 0, 19, 716, ontime, 19.799999999999997
dyngrid, 0.72, 0.8560, RANDOM, 0.90, 0, 81, 0, 81, 2781, ontime, 81.80000000000001
dyngrid, 0.77, 0.8460, RANDOM, 0.90, 0, 21, 0, 21, 807, ontime, 21.0
dyngrid, 0.82, 0.8360, RANDOM, 0.90, 0, 34, 0, 34, 1414, ontime, 35.2
dyngrid, 0.87, 0.8260, RANDOM, 0.90, 0, 56, 0, 56, 2418, ontime, 56.4
dyngrid, 0.92, 0.8160, RANDOM, 0.90, 0, 53, 0, 53, 1191, ontime, 53.8
dyngrid, 0.97, 0.8060, RANDOM, 0.90, 0, 63, 0, 63, 1519, ontime, 63.0
scenario, pChange, gamma, recovery_strategy, required_certainty, build_plans, matrices, visited_states, actions, time, timeout, cost
dyngrid, 0.00, 1.0000, RANDOM, 0.90, 0, 2131, 5156, 2129, 10111, timeout, 2295.8000000000116
dyngrid, 0.02, 0.9960, RANDOM, 0.90, 0, 419, 1188, 419, 2867, ontime, 459.09999999999945
dyngrid, 0.04, 0.9920, RANDOM, 0.90, 0, 318, 848, 318, 2477, ontime, 342.79999999999984
dyngrid, 0.06, 0.9880, RANDOM, 0.90, 0, 187, 543, 187, 1964, ontime, 206.40000000000015
dyngrid, 0.08, 0.9840, RANDOM, 0.90, 0, 246, 649, 246, 2220, ontime, 265.80000000000007
dyngrid, 0.10, 0.9800, RANDOM, 0.90, 0, 58, 209, 58, 955, ontime, 62.89999999999999
dyngrid, 0.12, 0.9760, RANDOM, 0.90, 0, 43, 132, 43, 863, ontime, 44.599999999999994
dyngrid, 0.14, 0.9720, RANDOM, 0.90, 0, 85, 198, 85, 1210, ontime, 90.80000000000003
dyngrid, 0.16, 0.9680, RANDOM, 0.90, 0, 20, 57, 20, 550, ontime, 21.199999999999996
dyngrid, 0.18, 0.9640, RANDOM, 0.90, 0, 25, 49, 25, 603, ontime, 27.399999999999995
dyngrid, 0.20, 0.9600, RANDOM, 0.90, 0, 153, 305, 153, 1994, ontime, 164.00000000000003
dyngrid, 0.22, 0.9560, RANDOM, 0.90, 0, 162, 323, 162, 2392, ontime, 171.10000000000008
dyngrid, 0.27, 0.9460, RANDOM, 0.90, 0, 132, 132, 132, 1794, ontime, 132.4
dyngrid, 0.32, 0.9360, RANDOM, 0.90, 0, 51, 51, 51, 897, ontime, 51.8
dyngrid, 0.37, 0.9260, RANDOM, 0.90, 0, 21, 21, 21, 586, ontime, 22.599999999999998
dyngrid, 0.42, 0.9160, RANDOM, 0.90, 0, 96, 96, 96, 1941, ontime, 96.4
dyngrid, 0.47, 0.9060, RANDOM, 0.90, 0, 148, 148, 148, 1810, ontime, 149.20000000000002
dyngrid, 0.52, 0.8960, RANDOM, 0.90, 0, 43, 0, 43, 1314, ontime, 43.8
dyngrid, 0.57, 0.8860, RANDOM, 0.90, 0, 51, 0, 51, 1256, ontime, 51.8
dyngrid, 0.62, 0.8760, RANDOM, 0.90, 0, 31, 0, 31, 1162, ontime, 31.799999999999997
dyngrid, 0.67, 0.8660, RANDOM, 0.90, 0, 42, 0, 42, 1705, ontime, 42.4
dyngrid, 0.72, 0.8560, RANDOM, 0.90, 0, 35, 0, 35, 1328, ontime, 36.6
dyngrid, 0.77, 0.8460, RANDOM, 0.90, 0, 67, 0, 67, 1732, ontime, 67.8
dyngrid, 0.82, 0.8360, RANDOM, 0.90, 0, 88, 0, 88, 2583, ontime, 88.4
dyngrid, 0.87, 0.8260, RANDOM, 0.90, 0, 77, 0, 77, 3287, ontime, 77.80000000000001
dyngrid, 0.92, 0.8160, RANDOM, 0.90, 0, 28, 0, 28, 1377, ontime, 29.199999999999996
dyngrid, 0.97, 0.8060, RANDOM, 0.90, 0, 26, 0, 26, 893, ontime, 26.4
scenario, pChange, gamma, recovery_strategy, required_certainty, build_plans, matrices, visited_states, actions, time, timeout, cost
dyngrid, 0.00, 1.0000, RANDOM, 0.90, 0, 2114, 4964, 2112, 10104, timeout, 2321.2000000000144
dyngrid, 0.02, 0.9960, RANDOM, 0.90, 0, 46, 235, 46, 982, ontime, 49.3
dyngrid, 0.04, 0.9920, RANDOM, 0.90, 0, 185, 646, 185, 2012, ontime, 202.60000000000016
dyngrid, 0.06, 0.9880, RANDOM, 0.90, 0, 46, 196, 46, 1012, ontime, 50.59999999999999
dyngrid, 0.08, 0.9840, RANDOM, 0.90, 0, 264, 668, 264, 2096, ontime, 286.40000000000003
dyngrid, 0.10, 0.9800, RANDOM, 0.90, 0, 85, 249, 85, 1292, ontime, 94.40000000000003
dyngrid, 0.12, 0.9760, RANDOM, 0.90, 0, 205, 516, 205, 1903, ontime, 219.50000000000014
dyngrid, 0.14, 0.9720, RANDOM, 0.90, 0, 203, 462, 203, 2077, ontime, 221.2000000000001
dyngrid, 0.16, 0.9680, RANDOM, 0.90, 0, 25, 69, 25, 652, ontime, 28.699999999999996
dyngrid, 0.18, 0.9640, RANDOM, 0.90, 0, 94, 187, 94, 1326, ontime, 99.40000000000002
dyngrid, 0.20, 0.9600, RANDOM, 0.90, 0, 81, 161, 81, 1668, ontime, 86.0
dyngrid, 0.22, 0.9560, RANDOM, 0.90, 0, 210, 419, 210, 2707, ontime, 222.70000000000007
dyngrid, 0.27, 0.9460, RANDOM, 0.90, 0, 33, 33, 33, 665, ontime, 33.8
dyngrid, 0.32, 0.9360, RANDOM, 0.90, 0, 59, 59, 59, 1092, ontime, 59.8
dyngrid, 0.37, 0.9260, RANDOM, 0.90, 0, 80, 80, 80, 1809, ontime, 80.4
dyngrid, 0.42, 0.9160, RANDOM, 0.90, 0, 19, 19, 19, 591, ontime, 19.0
dyngrid, 0.47, 0.9060, RANDOM, 0.90, 0, 58, 58, 58, 1206, ontime, 58.4
dyngrid, 0.52, 0.8960, RANDOM, 0.90, 0, 30, 0, 30, 1122, ontime, 30.4
dyngrid, 0.57, 0.8860, RANDOM, 0.90, 0, 53, 0, 53, 1532, ontime, 54.599999999999994
dyngrid, 0.62, 0.8760, RANDOM, 0.90, 0, 104, 0, 104, 2432, ontime, 104.4
dyngrid, 0.67, 0.8660, RANDOM, 0.90, 0, 76, 0, 76, 2462, ontime, 76.4
dyngrid, 0.72, 0.8560, RANDOM, 0.90, 0, 83, 0, 83, 2572, ontime, 83.80000000000001
dyngrid, 0.77, 0.8460, RANDOM, 0.90, 0, 91, 0, 91, 3018, ontime, 91.80000000000001
dyngrid, 0.82, 0.8360, RANDOM, 0.90, 0, 69, 0, 69, 2547, ontime, 69.8
dyngrid, 0.87, 0.8260, RANDOM, 0.90, 0, 57, 0, 57, 1981, ontime, 57.8
dyngrid, 0.92, 0.8160, RANDOM, 0.90, 0, 19, 0, 19, 1081, ontime, 19.799999999999997
dyngrid, 0.97, 0.8060, RANDOM, 0.90, 0, 30, 0, 30, 969, ontime, 31.199999999999996
scenario, pChange, gamma, recovery_strategy, required_certainty, build_plans, matrices, visited_states, actions, time, timeout, cost
dyngrid, 0.00, 1.0000, RANDOM, 0.90, 0, 1062, 2695, 1062, 5557, ontime, 1172.3999999999996
dyngrid, 0.02, 0.9960, RANDOM, 0.90, 0, 559, 1410, 559, 3074, ontime, 613.3999999999986
dyngrid, 0.04, 0.9920, RANDOM, 0.90, 0, 614, 1560, 614, 3012, ontime, 670.2999999999988
dyngrid, 0.06, 0.9880, RANDOM, 0.90, 0, 237, 662, 237, 1748, ontime, 262.10000000000014
dyngrid, 0.08, 0.9840, RANDOM, 0.90, 0, 77, 242, 77, 1058, ontime, 84.6
dyngrid, 0.10, 0.9800, RANDOM, 0.90, 0, 54, 167, 54, 943, ontime, 60.19999999999999
dyngrid, 0.12, 0.9760, RANDOM, 0.90, 0, 135, 328, 135, 1634, ontime, 146.00000000000009
dyngrid, 0.14, 0.9720, RANDOM, 0.90, 0, 255, 582, 255, 2144, ontime, 275.00000000000006
dyngrid, 0.16, 0.9680, RANDOM, 0.90, 0, 63, 154, 63, 986, ontime, 66.7
dyngrid, 0.18, 0.9640, RANDOM, 0.90, 0, 121, 241, 121, 1394, ontime, 127.60000000000005
dyngrid, 0.20, 0.9600, RANDOM, 0.90, 0, 81, 161, 81, 1210, ontime, 87.5
dyngrid, 0.22, 0.9560, RANDOM, 0.90, 0, 71, 141, 71, 1297, ontime, 77.5
dyngrid, 0.27, 0.9460, RANDOM, 0.90, 0, 51, 51, 51, 829, ontime, 52.599999999999994
dyngrid, 0.32, 0.9360, RANDOM, 0.90, 0, 68, 68, 68, 1286, ontime, 70.00000000000001
dyngrid, 0.37, 0.9260, RANDOM, 0.90, 0, 47, 47, 47, 1052, ontime, 47.8
dyngrid, 0.42, 0.9160, RANDOM, 0.90, 0, 57, 57, 57, 1406, ontime, 57.0
dyngrid, 0.47, 0.9060, RANDOM, 0.90, 0, 29, 29, 29, 934, ontime, 29.799999999999997
dyngrid, 0.52, 0.8960, RANDOM, 0.90, 0, 116, 0, 116, 2625, ontime, 116.4
dyngrid, 0.57, 0.8860, RANDOM, 0.90, 0, 43, 0, 43, 1092, ontime, 43.8
dyngrid, 0.62, 0.8760, RANDOM, 0.90, 0, 84, 0, 84, 2536, ontime, 85.20000000000002
dyngrid, 0.67, 0.8660, RANDOM, 0.90, 0, 85, 0, 85, 2145, ontime, 85.0
dyngrid, 0.72, 0.8560, RANDOM, 0.90, 0, 37, 0, 37, 1103, ontime, 37.8
dyngrid, 0.77, 0.8460, RANDOM, 0.90, 0, 48, 0, 48, 2007, ontime, 48.4
dyngrid, 0.82, 0.8360, RANDOM, 0.90, 0, 36, 0, 36, 1589, ontime, 37.199999999999996
dyngrid, 0.87, 0.8260, RANDOM, 0.90, 0, 67, 0, 67, 2793, ontime, 67.80000000000001
dyngrid, 0.92, 0.8160, RANDOM, 0.90, 0, 39, 0, 39, 1974, ontime, 39.8
dyngrid, 0.97, 0.8060, RANDOM, 0.90, 0, 47, 0, 47, 1822, ontime, 47.8
