dyngrid, 0.10, 0.98, RANDOM, 0.90, 0, 30, 140, 30, 745
dyngrid, 0.15, 0.97, RANDOM, 0.90, 0, 30, 87, 30, 741
dyngrid, 0.20, 0.96, RANDOM, 0.90, 2, 36, 71, 36, 881
dyngrid, 0.25, 0.95, RANDOM, 0.90, 0, 29, 57, 29, 733
dyngrid, 0.30, 0.94, RANDOM, 0.90, 0, 29, 29, 29, 708
dyngrid, 0.35, 0.93, RANDOM, 0.90, 0, 40, 40, 40, 847
dyngrid, 0.40, 0.92, RANDOM, 0.90, 0, 57, 57, 57, 1287
dyngrid, 0.45, 0.91, RANDOM, 0.90, 0, 172, 172, 172, 2558
dyngrid, 0.50, 0.90, RANDOM, 0.90, 0, 32, 32, 32, 737
dyngrid, 0.55, 0.89, RANDOM, 0.90, 0, 29, 0, 29, 740
dyngrid, 0.60, 0.88, RANDOM, 0.90, 0, 67, 0, 67, 2524
dyngrid, 0.65, 0.87, RANDOM, 0.90, 0, 30, 0, 30, 1164
dyngrid, 0.70, 0.86, RANDOM, 0.90, 0, 43, 0, 43, 1765
dyngrid, 0.75, 0.85, RANDOM, 0.90, 0, 40, 0, 40, 1976
dyngrid, 0.80, 0.84, RANDOM, 0.90, 0, 29, 0, 29, 1227
dyngrid, 0.85, 0.83, RANDOM, 0.90, 0, 29, 0, 29, 1322
dyngrid, 0.90, 0.82, RANDOM, 0.90, 0, 56, 0, 56, 2662
dyngrid, 0.95, 0.81, RANDOM, 0.90, 0, 48, 0, 48, 2656
dyngrid, 0.10, 0.98, RANDOM, 0.90, 50, 82, 345, 82, 1279
dyngrid, 0.15, 0.97, RANDOM, 0.90, 28, 73, 210, 73, 1349
dyngrid, 0.20, 0.96, RANDOM, 0.90, 1, 30, 59, 30, 634
dyngrid, 0.25, 0.95, RANDOM, 0.90, 40, 108, 215, 108, 1657
dyngrid, 0.30, 0.94, RANDOM, 0.90, 0, 106, 106, 106, 2028
dyngrid, 0.35, 0.93, RANDOM, 0.90, 0, 29, 29, 29, 810
dyngrid, 0.40, 0.92, RANDOM, 0.90, 0, 29, 29, 29, 1083
dyngrid, 0.45, 0.91, RANDOM, 0.90, 0, 29, 29, 29, 991
dyngrid, 0.50, 0.90, RANDOM, 0.90, 0, 29, 29, 29, 1242
dyngrid, 0.55, 0.89, RANDOM, 0.90, 0, 95, 0, 95, 2397
dyngrid, 0.60, 0.88, RANDOM, 0.90, 0, 116, 0, 116, 3024
dyngrid, 0.65, 0.87, RANDOM, 0.90, 0, 30, 0, 30, 1278
dyngrid, 0.70, 0.86, RANDOM, 0.90, 0, 58, 0, 58, 2111
dyngrid, 0.75, 0.85, RANDOM, 0.90, 0, 31, 0, 31, 1267
dyngrid, 0.80, 0.84, RANDOM, 0.90, 0, 29, 0, 29, 771
dyngrid, 0.85, 0.83, RANDOM, 0.90, 0, 58, 0, 58, 1799
dyngrid, 0.90, 0.82, RANDOM, 0.90, 0, 32, 0, 32, 1321
dyngrid, 0.95, 0.81, RANDOM, 0.90, 0, 49, 0, 49, 2560
dyngrid, 0.10, 0.98, RANDOM, 0.90, 6, 32, 143, 32, 913
dyngrid, 0.15, 0.97, RANDOM, 0.90, 12, 45, 125, 45, 840
dyngrid, 0.20, 0.96, RANDOM, 0.90, 24, 69, 137, 69, 1290
dyngrid, 0.25, 0.95, RANDOM, 0.90, 28, 77, 153, 77, 1326
dyngrid, 0.30, 0.94, RANDOM, 0.90, 0, 29, 29, 29, 612
dyngrid, 0.35, 0.93, RANDOM, 0.90, 0, 39, 39, 39, 965
dyngrid, 0.40, 0.92, RANDOM, 0.90, 0, 29, 29, 29, 658
dyngrid, 0.45, 0.91, RANDOM, 0.90, 0, 33, 33, 33, 1121
dyngrid, 0.50, 0.90, RANDOM, 0.90, 0, 66, 66, 66, 1783
dyngrid, 0.55, 0.89, RANDOM, 0.90, 0, 29, 0, 29, 1097
dyngrid, 0.60, 0.88, RANDOM, 0.90, 0, 128, 0, 128, 3446
dyngrid, 0.65, 0.87, RANDOM, 0.90, 0, 38, 0, 38, 1460
dyngrid, 0.70, 0.86, RANDOM, 0.90, 0, 84, 0, 84, 2724
dyngrid, 0.75, 0.85, RANDOM, 0.90, 0, 32, 0, 32, 1400
dyngrid, 0.80, 0.84, RANDOM, 0.90, 0, 52, 0, 52, 2108
dyngrid, 0.85, 0.83, RANDOM, 0.90, 0, 29, 0, 29, 1325
dyngrid, 0.90, 0.82, RANDOM, 0.90, 0, 42, 0, 42, 1986
dyngrid, 0.95, 0.81, RANDOM, 0.90, 0, 35, 0, 35, 1922
dyngrid, 0.10, 0.98, RANDOM, 0.90, 0, 31, 145, 31, 828
dyngrid, 0.15, 0.97, RANDOM, 0.90, 14, 52, 151, 52, 1111
dyngrid, 0.20, 0.96, RANDOM, 0.90, 0, 29, 57, 29, 576
dyngrid, 0.25, 0.95, RANDOM, 0.90, 13, 45, 89, 45, 1035
dyngrid, 0.30, 0.94, RANDOM, 0.90, 0, 55, 55, 55, 1120
dyngrid, 0.35, 0.93, RANDOM, 0.90, 0, 37, 37, 37, 1005
dyngrid, 0.40, 0.92, RANDOM, 0.90, 0, 29, 29, 29, 1045
dyngrid, 0.45, 0.91, RANDOM, 0.90, 0, 54, 54, 54, 1024
dyngrid, 0.50, 0.90, RANDOM, 0.90, 0, 56, 56, 56, 1519
dyngrid, 0.55, 0.89, RANDOM, 0.90, 0, 41, 0, 41, 957
dyngrid, 0.60, 0.88, RANDOM, 0.90, 0, 43, 0, 43, 1179
dyngrid, 0.65, 0.87, RANDOM, 0.90, 0, 29, 0, 29, 1152
dyngrid, 0.70, 0.86, RANDOM, 0.90, 0, 30, 0, 30, 745
dyngrid, 0.75, 0.85, RANDOM, 0.90, 0, 47, 0, 47, 1440
dyngrid, 0.80, 0.84, RANDOM, 0.90, 0, 46, 0, 46, 2210
dyngrid, 0.85, 0.83, RANDOM, 0.90, 0, 35, 0, 35, 1731
dyngrid, 0.90, 0.82, RANDOM, 0.90, 0, 40, 0, 40, 1954
dyngrid, 0.95, 0.81, RANDOM, 0.90, 0, 29, 0, 29, 1653
dyngrid, 0.10, 0.98, RANDOM, 0.90, 21, 52, 234, 52, 1140
dyngrid, 0.15, 0.97, RANDOM, 0.90, 10, 45, 130, 45, 1024
dyngrid, 0.20, 0.96, RANDOM, 0.90, 70, 154, 307, 154, 2014
dyngrid, 0.25, 0.95, RANDOM, 0.90, 0, 29, 57, 29, 899
dyngrid, 0.30, 0.94, RANDOM, 0.90, 0, 31, 31, 31, 713
dyngrid, 0.35, 0.93, RANDOM, 0.90, 0, 33, 33, 33, 727
dyngrid, 0.40, 0.92, RANDOM, 0.90, 0, 29, 29, 29, 641
dyngrid, 0.45, 0.91, RANDOM, 0.90, 0, 31, 31, 31, 881
dyngrid, 0.50, 0.90, RANDOM, 0.90, 0, 35, 35, 35, 1178
dyngrid, 0.55, 0.89, RANDOM, 0.90, 0, 29, 0, 29, 980
dyngrid, 0.60, 0.88, RANDOM, 0.90, 0, 29, 0, 29, 1015
dyngrid, 0.65, 0.87, RANDOM, 0.90, 0, 29, 0, 29, 1167
dyngrid, 0.70, 0.86, RANDOM, 0.90, 0, 43, 0, 43, 1809
dyngrid, 0.75, 0.85, RANDOM, 0.90, 0, 50, 0, 50, 1081
dyngrid, 0.80, 0.84, RANDOM, 0.90, 0, 37, 0, 37, 1257
dyngrid, 0.85, 0.83, RANDOM, 0.90, 0, 32, 0, 32, 1485
dyngrid, 0.90, 0.82, RANDOM, 0.90, 0, 69, 0, 69, 2927
dyngrid, 0.95, 0.81, RANDOM, 0.90, 0, 29, 0, 29, 1348
dyngrid, 0.10, 0.98, RANDOM, 0.90, 0, 29, 135, 29, 866
dyngrid, 0.15, 0.97, RANDOM, 0.90, 27, 66, 188, 66, 1279
dyngrid, 0.20, 0.96, RANDOM, 0.90, 8, 41, 81, 41, 762
dyngrid, 0.25, 0.95, RANDOM, 0.90, 30, 80, 159, 80, 1420
dyngrid, 0.30, 0.94, RANDOM, 0.90, 0, 59, 59, 59, 1028
dyngrid, 0.35, 0.93, RANDOM, 0.90, 0, 62, 62, 62, 943
dyngrid, 0.40, 0.92, RANDOM, 0.90, 0, 33, 33, 33, 1149
dyngrid, 0.45, 0.91, RANDOM, 0.90, 0, 36, 36, 36, 926
dyngrid, 0.50, 0.90, RANDOM, 0.90, 0, 79, 79, 79, 1408
dyngrid, 0.55, 0.89, RANDOM, 0.90, 0, 33, 0, 33, 962
dyngrid, 0.60, 0.88, RANDOM, 0.90, 0, 89, 0, 89, 2240
dyngrid, 0.65, 0.87, RANDOM, 0.90, 0, 35, 0, 35, 1027
dyngrid, 0.70, 0.86, RANDOM, 0.90, 0, 58, 0, 58, 1422
dyngrid, 0.75, 0.85, RANDOM, 0.90, 0, 48, 0, 48, 1108
dyngrid, 0.80, 0.84, RANDOM, 0.90, 0, 36, 0, 36, 1568
dyngrid, 0.85, 0.83, RANDOM, 0.90, 0, 32, 0, 32, 1026
dyngrid, 0.90, 0.82, RANDOM, 0.90, 0, 29, 0, 29, 1497
dyngrid, 0.95, 0.81, RANDOM, 0.90, 0, 45, 0, 45, 2077
dyngrid, 0.10, 0.98, RANDOM, 0.90, 17, 46, 189, 46, 969
dyngrid, 0.15, 0.97, RANDOM, 0.90, 63, 127, 370, 127, 1352
dyngrid, 0.20, 0.96, RANDOM, 0.90, 58, 129, 257, 129, 1713
dyngrid, 0.25, 0.95, RANDOM, 0.90, 0, 29, 57, 29, 682
dyngrid, 0.30, 0.94, RANDOM, 0.90, 0, 36, 36, 36, 1117
dyngrid, 0.35, 0.93, RANDOM, 0.90, 0, 35, 35, 35, 919
dyngrid, 0.40, 0.92, RANDOM, 0.90, 0, 30, 30, 30, 940
dyngrid, 0.45, 0.91, RANDOM, 0.90, 0, 37, 37, 37, 1082
dyngrid, 0.50, 0.90, RANDOM, 0.90, 0, 66, 66, 66, 1360
dyngrid, 0.55, 0.89, RANDOM, 0.90, 0, 29, 0, 29, 979
dyngrid, 0.60, 0.88, RANDOM, 0.90, 0, 83, 0, 83, 2612
dyngrid, 0.65, 0.87, RANDOM, 0.90, 0, 32, 0, 32, 1215
dyngrid, 0.70, 0.86, RANDOM, 0.90, 0, 45, 0, 45, 1752
dyngrid, 0.75, 0.85, RANDOM, 0.90, 0, 34, 0, 34, 1686
dyngrid, 0.80, 0.84, RANDOM, 0.90, 0, 31, 0, 31, 1622
dyngrid, 0.85, 0.83, RANDOM, 0.90, 0, 36, 0, 36, 1574
dyngrid, 0.90, 0.82, RANDOM, 0.90, 0, 36, 0, 36, 1484
dyngrid, 0.95, 0.81, RANDOM, 0.90, 0, 41, 0, 41, 1511
dyngrid, 0.10, 0.98, RANDOM, 0.90, 0, 31, 145, 31, 916
dyngrid, 0.15, 0.97, RANDOM, 0.90, 12, 45, 127, 45, 1083
dyngrid, 0.20, 0.96, RANDOM, 0.90, 27, 80, 159, 80, 1349
dyngrid, 0.25, 0.95, RANDOM, 0.90, 1, 30, 59, 30, 768
dyngrid, 0.30, 0.94, RANDOM, 0.90, 0, 78, 78, 78, 1033
dyngrid, 0.35, 0.93, RANDOM, 0.90, 0, 31, 31, 31, 782
dyngrid, 0.40, 0.92, RANDOM, 0.90, 0, 29, 29, 29, 882
dyngrid, 0.45, 0.91, RANDOM, 0.90, 0, 41, 41, 41, 1245
dyngrid, 0.50, 0.90, RANDOM, 0.90, 0, 132, 132, 132, 2200
dyngrid, 0.55, 0.89, RANDOM, 0.90, 0, 37, 0, 37, 1452
dyngrid, 0.60, 0.88, RANDOM, 0.90, 0, 33, 0, 33, 932
dyngrid, 0.65, 0.87, RANDOM, 0.90, 0, 29, 0, 29, 1038
dyngrid, 0.70, 0.86, RANDOM, 0.90, 0, 42, 0, 42, 1191
dyngrid, 0.75, 0.85, RANDOM, 0.90, 0, 75, 0, 75, 2523
dyngrid, 0.80, 0.84, RANDOM, 0.90, 0, 36, 0, 36, 1702
dyngrid, 0.85, 0.83, RANDOM, 0.90, 0, 47, 0, 47, 2135
dyngrid, 0.90, 0.82, RANDOM, 0.90, 0, 39, 0, 39, 1822
dyngrid, 0.95, 0.81, RANDOM, 0.90, 0, 29, 0, 29, 1459
dyngrid, 0.10, 0.98, RANDOM, 0.90, 8, 39, 175, 39, 900
dyngrid, 0.15, 0.97, RANDOM, 0.90, 1, 30, 87, 30, 872
dyngrid, 0.20, 0.96, RANDOM, 0.90, 0, 29, 57, 29, 586
dyngrid, 0.25, 0.95, RANDOM, 0.90, 7, 39, 77, 39, 858
dyngrid, 0.30, 0.94, RANDOM, 0.90, 0, 44, 44, 44, 821
dyngrid, 0.35, 0.93, RANDOM, 0.90, 0, 118, 118, 118, 1647
dyngrid, 0.40, 0.92, RANDOM, 0.90, 0, 124, 124, 124, 1833
dyngrid, 0.45, 0.91, RANDOM, 0.90, 0, 30, 30, 30, 757
dyngrid, 0.50, 0.90, RANDOM, 0.90, 0, 29, 29, 29, 659
dyngrid, 0.55, 0.89, RANDOM, 0.90, 0, 42, 0, 42, 821
dyngrid, 0.60, 0.88, RANDOM, 0.90, 0, 108, 0, 108, 2648
dyngrid, 0.65, 0.87, RANDOM, 0.90, 0, 42, 0, 42, 1473
dyngrid, 0.70, 0.86, RANDOM, 0.90, 0, 29, 0, 29, 1266
dyngrid, 0.75, 0.85, RANDOM, 0.90, 0, 32, 0, 32, 1346
dyngrid, 0.80, 0.84, RANDOM, 0.90, 0, 51, 0, 51, 2272
dyngrid, 0.85, 0.83, RANDOM, 0.90, 0, 29, 0, 29, 1680
dyngrid, 0.90, 0.82, RANDOM, 0.90, 0, 34, 0, 34, 1730
dyngrid, 0.95, 0.81, RANDOM, 0.90, 0, 29, 0, 29, 1620
dyngrid, 0.10, 0.98, RANDOM, 0.90, 21, 49, 215, 49, 1007
dyngrid, 0.15, 0.97, RANDOM, 0.90, 19, 60, 171, 60, 1012
dyngrid, 0.20, 0.96, RANDOM, 0.90, 1, 31, 61, 31, 884
dyngrid, 0.25, 0.95, RANDOM, 0.90, 110, 241, 481, 241, 2316
dyngrid, 0.30, 0.94, RANDOM, 0.90, 0, 29, 29, 29, 516
dyngrid, 0.35, 0.93, RANDOM, 0.90, 0, 54, 54, 54, 1050
dyngrid, 0.40, 0.92, RANDOM, 0.90, 0, 48, 48, 48, 1175
dyngrid, 0.45, 0.91, RANDOM, 0.90, 0, 29, 29, 29, 971
dyngrid, 0.50, 0.90, RANDOM, 0.90, 0, 71, 71, 71, 1444
dyngrid, 0.55, 0.89, RANDOM, 0.90, 0, 32, 0, 32, 949
dyngrid, 0.60, 0.88, RANDOM, 0.90, 0, 44, 0, 44, 1258
dyngrid, 0.65, 0.87, RANDOM, 0.90, 0, 29, 0, 29, 1334
dyngrid, 0.70, 0.86, RANDOM, 0.90, 0, 30, 0, 30, 1422
dyngrid, 0.75, 0.85, RANDOM, 0.90, 0, 29, 0, 29, 1285
dyngrid, 0.80, 0.84, RANDOM, 0.90, 0, 48, 0, 48, 1828
dyngrid, 0.85, 0.83, RANDOM, 0.90, 0, 50, 0, 50, 1736
dyngrid, 0.90, 0.82, RANDOM, 0.90, 0, 63, 0, 63, 1867
dyngrid, 0.95, 0.81, RANDOM, 0.90, 0, 30, 0, 30, 1403
dyngrid, 0.10, 0.98, RANDOM, 0.90, 104, 161, 700, 161, 1836
dyngrid, 0.15, 0.97, RANDOM, 0.90, 0, 29, 84, 29, 636
dyngrid, 0.20, 0.96, RANDOM, 0.90, 8, 43, 85, 43, 787
dyngrid, 0.25, 0.95, RANDOM, 0.90, 47, 119, 237, 119, 2069
dyngrid, 0.30, 0.94, RANDOM, 0.90, 0, 118, 118, 118, 1615
dyngrid, 0.35, 0.93, RANDOM, 0.90, 0, 60, 60, 60, 1349
dyngrid, 0.40, 0.92, RANDOM, 0.90, 0, 31, 31, 31, 1054
dyngrid, 0.45, 0.91, RANDOM, 0.90, 0, 30, 30, 30, 1002
dyngrid, 0.50, 0.90, RANDOM, 0.90, 0, 29, 29, 29, 990
dyngrid, 0.55, 0.89, RANDOM, 0.90, 0, 93, 0, 93, 1990
dyngrid, 0.60, 0.88, RANDOM, 0.90, 0, 38, 0, 38, 1620
dyngrid, 0.65, 0.87, RANDOM, 0.90, 0, 42, 0, 42, 1437
dyngrid, 0.70, 0.86, RANDOM, 0.90, 0, 58, 0, 58, 2283
dyngrid, 0.75, 0.85, RANDOM, 0.90, 0, 59, 0, 59, 1906
dyngrid, 0.80, 0.84, RANDOM, 0.90, 0, 79, 0, 79, 2771
dyngrid, 0.85, 0.83, RANDOM, 0.90, 0, 30, 0, 30, 1266
dyngrid, 0.90, 0.82, RANDOM, 0.90, 0, 52, 0, 52, 2216
dyngrid, 0.95, 0.81, RANDOM, 0.90, 0, 29, 0, 29, 1725
dyngrid, 0.10, 0.98, RANDOM, 0.90, 14, 45, 207, 45, 931
dyngrid, 0.15, 0.97, RANDOM, 0.90, 11, 44, 125, 44, 856
dyngrid, 0.20, 0.96, RANDOM, 0.90, 53, 117, 233, 117, 1374
dyngrid, 0.25, 0.95, RANDOM, 0.90, 4, 36, 71, 36, 951
dyngrid, 0.30, 0.94, RANDOM, 0.90, 0, 48, 48, 48, 946
dyngrid, 0.35, 0.93, RANDOM, 0.90, 0, 30, 30, 30, 815
dyngrid, 0.40, 0.92, RANDOM, 0.90, 0, 29, 29, 29, 1066
dyngrid, 0.45, 0.91, RANDOM, 0.90, 0, 60, 60, 60, 1564
dyngrid, 0.50, 0.90, RANDOM, 0.90, 0, 29, 29, 29, 780
dyngrid, 0.55, 0.89, RANDOM, 0.90, 0, 29, 0, 29, 1104
dyngrid, 0.60, 0.88, RANDOM, 0.90, 0, 51, 0, 51, 1856
dyngrid, 0.65, 0.87, RANDOM, 0.90, 0, 41, 0, 41, 1407
dyngrid, 0.70, 0.86, RANDOM, 0.90, 0, 99, 0, 99, 2920
dyngrid, 0.75, 0.85, RANDOM, 0.90, 0, 30, 0, 30, 882
dyngrid, 0.80, 0.84, RANDOM, 0.90, 0, 53, 0, 53, 1041
dyngrid, 0.85, 0.83, RANDOM, 0.90, 0, 40, 0, 40, 1855
dyngrid, 0.90, 0.82, RANDOM, 0.90, 0, 62, 0, 62, 2128
dyngrid, 0.95, 0.81, RANDOM, 0.90, 0, 30, 0, 30, 1518
dyngrid, 0.10, 0.98, RANDOM, 0.90, 0, 29, 135, 29, 831
dyngrid, 0.15, 0.97, RANDOM, 0.90, 6, 35, 98, 35, 848
dyngrid, 0.20, 0.96, RANDOM, 0.90, 6, 42, 83, 42, 946
dyngrid, 0.25, 0.95, RANDOM, 0.90, 12, 51, 101, 51, 991
dyngrid, 0.30, 0.94, RANDOM, 0.90, 0, 65, 65, 65, 981
dyngrid, 0.35, 0.93, RANDOM, 0.90, 0, 29, 29, 29, 825
dyngrid, 0.40, 0.92, RANDOM, 0.90, 0, 54, 54, 54, 1178
dyngrid, 0.45, 0.91, RANDOM, 0.90, 0, 67, 67, 67, 2033
dyngrid, 0.50, 0.90, RANDOM, 0.90, 0, 61, 61, 61, 1408
dyngrid, 0.55, 0.89, RANDOM, 0.90, 0, 51, 0, 51, 1555
dyngrid, 0.60, 0.88, RANDOM, 0.90, 0, 52, 0, 52, 1378
dyngrid, 0.65, 0.87, RANDOM, 0.90, 0, 52, 0, 52, 1601
dyngrid, 0.70, 0.86, RANDOM, 0.90, 0, 31, 0, 31, 926
dyngrid, 0.75, 0.85, RANDOM, 0.90, 0, 41, 0, 41, 1357
dyngrid, 0.80, 0.84, RANDOM, 0.90, 0, 64, 0, 64, 2152
dyngrid, 0.85, 0.83, RANDOM, 0.90, 0, 50, 0, 50, 1975
dyngrid, 0.90, 0.82, RANDOM, 0.90, 0, 29, 0, 29, 1605
dyngrid, 0.95, 0.81, RANDOM, 0.90, 0, 46, 0, 46, 2323
dyngrid, 0.10, 0.98, RANDOM, 0.90, 30, 63, 293, 63, 1160
dyngrid, 0.15, 0.97, RANDOM, 0.90, 2, 30, 86, 30, 702
dyngrid, 0.20, 0.96, RANDOM, 0.90, 54, 112, 223, 112, 1640
dyngrid, 0.25, 0.95, RANDOM, 0.90, 10, 47, 93, 47, 885
dyngrid, 0.30, 0.94, RANDOM, 0.90, 0, 29, 29, 29, 841
dyngrid, 0.35, 0.93, RANDOM, 0.90, 0, 29, 29, 29, 645
dyngrid, 0.40, 0.92, RANDOM, 0.90, 0, 45, 45, 45, 1042
dyngrid, 0.45, 0.91, RANDOM, 0.90, 0, 41, 41, 41, 873
dyngrid, 0.50, 0.90, RANDOM, 0.90, 0, 29, 29, 29, 773
dyngrid, 0.55, 0.89, RANDOM, 0.90, 0, 34, 0, 34, 882
dyngrid, 0.60, 0.88, RANDOM, 0.90, 0, 30, 0, 30, 923
dyngrid, 0.65, 0.87, RANDOM, 0.90, 0, 71, 0, 71, 1326
dyngrid, 0.70, 0.86, RANDOM, 0.90, 0, 29, 0, 29, 1036
dyngrid, 0.75, 0.85, RANDOM, 0.90, 0, 49, 0, 49, 2165
dyngrid, 0.80, 0.84, RANDOM, 0.90, 0, 29, 0, 29, 1320
dyngrid, 0.85, 0.83, RANDOM, 0.90, 0, 29, 0, 29, 1388
dyngrid, 0.90, 0.82, RANDOM, 0.90, 0, 29, 0, 29, 1205
dyngrid, 0.95, 0.81, RANDOM, 0.90, 0, 29, 0, 29, 1493
dyngrid, 0.10, 0.98, RANDOM, 0.90, 50, 100, 461, 100, 1555
dyngrid, 0.15, 0.97, RANDOM, 0.90, 10, 43, 122, 43, 959
dyngrid, 0.20, 0.96, RANDOM, 0.90, 0, 29, 57, 29, 628
dyngrid, 0.25, 0.95, RANDOM, 0.90, 92, 186, 371, 186, 2051
dyngrid, 0.30, 0.94, RANDOM, 0.90, 0, 191, 191, 191, 2166
dyngrid, 0.35, 0.93, RANDOM, 0.90, 0, 119, 119, 119, 1687
dyngrid, 0.40, 0.92, RANDOM, 0.90, 0, 29, 29, 29, 1002
dyngrid, 0.45, 0.91, RANDOM, 0.90, 0, 52, 52, 52, 1545
dyngrid, 0.50, 0.90, RANDOM, 0.90, 0, 42, 42, 42, 1472
dyngrid, 0.55, 0.89, RANDOM, 0.90, 0, 59, 0, 59, 1816
dyngrid, 0.60, 0.88, RANDOM, 0.90, 0, 33, 0, 33, 1320
dyngrid, 0.65, 0.87, RANDOM, 0.90, 0, 65, 0, 65, 2351
dyngrid, 0.70, 0.86, RANDOM, 0.90, 0, 30, 0, 30, 1161
dyngrid, 0.75, 0.85, RANDOM, 0.90, 0, 78, 0, 78, 2293
dyngrid, 0.80, 0.84, RANDOM, 0.90, 0, 32, 0, 32, 1556
dyngrid, 0.85, 0.83, RANDOM, 0.90, 0, 29, 0, 29, 1273
dyngrid, 0.90, 0.82, RANDOM, 0.90, 0, 29, 0, 29, 1423
dyngrid, 0.95, 0.81, RANDOM, 0.90, 0, 35, 0, 35, 2041
dyngrid, 0.10, 0.98, RANDOM, 0.90, 17, 48, 211, 48, 1122
dyngrid, 0.15, 0.97, RANDOM, 0.90, 27, 70, 199, 70, 1184
dyngrid, 0.20, 0.96, RANDOM, 0.90, 0, 29, 57, 29, 717
dyngrid, 0.25, 0.95, RANDOM, 0.90, 1, 33, 65, 33, 812
dyngrid, 0.30, 0.94, RANDOM, 0.90, 0, 136, 136, 136, 1955
dyngrid, 0.35, 0.93, RANDOM, 0.90, 0, 201, 201, 201, 2420
dyngrid, 0.40, 0.92, RANDOM, 0.90, 0, 50, 50, 50, 1035
dyngrid, 0.45, 0.91, RANDOM, 0.90, 0, 84, 84, 84, 1469
dyngrid, 0.50, 0.90, RANDOM, 0.90, 0, 49, 49, 49, 1329
dyngrid, 0.55, 0.89, RANDOM, 0.90, 0, 38, 0, 38, 1700
dyngrid, 0.60, 0.88, RANDOM, 0.90, 0, 29, 0, 29, 1083
dyngrid, 0.65, 0.87, RANDOM, 0.90, 0, 29, 0, 29, 1439
dyngrid, 0.70, 0.86, RANDOM, 0.90, 0, 77, 0, 77, 1854
dyngrid, 0.75, 0.85, RANDOM, 0.90, 0, 36, 0, 36, 1673
dyngrid, 0.80, 0.84, RANDOM, 0.90, 0, 63, 0, 63, 1909
dyngrid, 0.85, 0.83, RANDOM, 0.90, 0, 29, 0, 29, 1392
dyngrid, 0.90, 0.82, RANDOM, 0.90, 0, 29, 0, 29, 931
dyngrid, 0.95, 0.81, RANDOM, 0.90, 0, 54, 0, 54, 2440
dyngrid, 0.10, 0.98, RANDOM, 0.90, 92, 126, 528, 126, 1575
dyngrid, 0.15, 0.97, RANDOM, 0.90, 110, 207, 600, 207, 2189
dyngrid, 0.20, 0.96, RANDOM, 0.90, 0, 29, 57, 29, 882
dyngrid, 0.25, 0.95, RANDOM, 0.90, 0, 30, 59, 30, 768
dyngrid, 0.30, 0.94, RANDOM, 0.90, 0, 65, 65, 65, 1306
dyngrid, 0.35, 0.93, RANDOM, 0.90, 0, 52, 52, 52, 951
dyngrid, 0.40, 0.92, RANDOM, 0.90, 0, 29, 29, 29, 865
dyngrid, 0.45, 0.91, RANDOM, 0.90, 0, 39, 39, 39, 924
dyngrid, 0.50, 0.90, RANDOM, 0.90, 0, 29, 29, 29, 1002
dyngrid, 0.55, 0.89, RANDOM, 0.90, 0, 37, 0, 37, 1221
dyngrid, 0.60, 0.88, RANDOM, 0.90, 0, 29, 0, 29, 1033
dyngrid, 0.65, 0.87, RANDOM, 0.90, 0, 33, 0, 33, 985
dyngrid, 0.70, 0.86, RANDOM, 0.90, 0, 37, 0, 37, 1512
dyngrid, 0.75, 0.85, RANDOM, 0.90, 0, 29, 0, 29, 1443
dyngrid, 0.80, 0.84, RANDOM, 0.90, 0, 29, 0, 29, 1207
dyngrid, 0.85, 0.83, RANDOM, 0.90, 0, 35, 0, 35, 1560
dyngrid, 0.90, 0.82, RANDOM, 0.90, 0, 29, 0, 29, 1442
dyngrid, 0.95, 0.81, RANDOM, 0.90, 0, 41, 0, 41, 2143
dyngrid, 0.10, 0.98, RANDOM, 0.90, 8, 42, 199, 42, 928
dyngrid, 0.15, 0.97, RANDOM, 0.90, 4, 33, 94, 33, 625
dyngrid, 0.20, 0.96, RANDOM, 0.90, 50, 124, 247, 124, 1749
dyngrid, 0.25, 0.95, RANDOM, 0.90, 31, 85, 169, 85, 1537
dyngrid, 0.30, 0.94, RANDOM, 0.90, 0, 29, 29, 29, 710
dyngrid, 0.35, 0.93, RANDOM, 0.90, 0, 75, 75, 75, 1376
dyngrid, 0.40, 0.92, RANDOM, 0.90, 0, 79, 79, 79, 1550
dyngrid, 0.45, 0.91, RANDOM, 0.90, 0, 67, 67, 67, 1423
dyngrid, 0.50, 0.90, RANDOM, 0.90, 0, 81, 81, 81, 1647
dyngrid, 0.55, 0.89, RANDOM, 0.90, 0, 66, 0, 66, 1808
dyngrid, 0.60, 0.88, RANDOM, 0.90, 0, 52, 0, 52, 1852
dyngrid, 0.65, 0.87, RANDOM, 0.90, 0, 29, 0, 29, 1443
dyngrid, 0.70, 0.86, RANDOM, 0.90, 0, 67, 0, 67, 2276
dyngrid, 0.75, 0.85, RANDOM, 0.90, 0, 31, 0, 31, 1455
dyngrid, 0.80, 0.84, RANDOM, 0.90, 0, 64, 0, 64, 2703
dyngrid, 0.85, 0.83, RANDOM, 0.90, 0, 29, 0, 29, 1626
dyngrid, 0.90, 0.82, RANDOM, 0.90, 0, 29, 0, 29, 1682
dyngrid, 0.95, 0.81, RANDOM, 0.90, 0, 39, 0, 39, 1878
dyngrid, 0.10, 0.98, RANDOM, 0.90, 0, 29, 135, 29, 827
dyngrid, 0.15, 0.97, RANDOM, 0.90, 58, 102, 287, 102, 1421
dyngrid, 0.20, 0.96, RANDOM, 0.90, 0, 29, 57, 29, 757
dyngrid, 0.25, 0.95, RANDOM, 0.90, 6, 38, 75, 38, 912
dyngrid, 0.30, 0.94, RANDOM, 0.90, 0, 29, 29, 29, 626
dyngrid, 0.35, 0.93, RANDOM, 0.90, 0, 103, 103, 103, 1401
dyngrid, 0.40, 0.92, RANDOM, 0.90, 0, 65, 65, 65, 1085
dyngrid, 0.45, 0.91, RANDOM, 0.90, 0, 29, 29, 29, 700
dyngrid, 0.50, 0.90, RANDOM, 0.90, 0, 31, 31, 31, 843
dyngrid, 0.55, 0.89, RANDOM, 0.90, 0, 30, 0, 30, 931
dyngrid, 0.60, 0.88, RANDOM, 0.90, 0, 41, 0, 41, 1190
dyngrid, 0.65, 0.87, RANDOM, 0.90, 0, 48, 0, 48, 1686
dyngrid, 0.70, 0.86, RANDOM, 0.90, 0, 29, 0, 29, 1275
dyngrid, 0.75, 0.85, RANDOM, 0.90, 0, 31, 0, 31, 1222
dyngrid, 0.80, 0.84, RANDOM, 0.90, 0, 82, 0, 82, 3118
dyngrid, 0.85, 0.83, RANDOM, 0.90, 0, 41, 0, 41, 1423
dyngrid, 0.90, 0.82, RANDOM, 0.90, 0, 33, 0, 33, 1513
dyngrid, 0.95, 0.81, RANDOM, 0.90, 0, 48, 0, 48, 2557
dyngrid, 0.10, 0.98, RANDOM, 0.90, 3, 32, 144, 32, 784
dyngrid, 0.15, 0.97, RANDOM, 0.90, 165, 281, 806, 281, 3016
dyngrid, 0.20, 0.96, RANDOM, 0.90, 19, 64, 127, 64, 1386
dyngrid, 0.25, 0.95, RANDOM, 0.90, 2, 31, 61, 31, 912
dyngrid, 0.30, 0.94, RANDOM, 0.90, 0, 29, 29, 29, 721
dyngrid, 0.35, 0.93, RANDOM, 0.90, 0, 29, 29, 29, 958
dyngrid, 0.40, 0.92, RANDOM, 0.90, 0, 29, 29, 29, 941
dyngrid, 0.45, 0.91, RANDOM, 0.90, 0, 50, 50, 50, 1267
dyngrid, 0.50, 0.90, RANDOM, 0.90, 0, 47, 47, 47, 1331
dyngrid, 0.55, 0.89, RANDOM, 0.90, 0, 32, 0, 32, 1330
dyngrid, 0.60, 0.88, RANDOM, 0.90, 0, 44, 0, 44, 1586
dyngrid, 0.65, 0.87, RANDOM, 0.90, 0, 52, 0, 52, 2159
dyngrid, 0.70, 0.86, RANDOM, 0.90, 0, 61, 0, 61, 2442
dyngrid, 0.75, 0.85, RANDOM, 0.90, 0, 69, 0, 69, 2588
dyngrid, 0.80, 0.84, RANDOM, 0.90, 0, 78, 0, 78, 3075
dyngrid, 0.85, 0.83, RANDOM, 0.90, 0, 29, 0, 29, 1102
dyngrid, 0.90, 0.82, RANDOM, 0.90, 0, 41, 0, 41, 2137
dyngrid, 0.95, 0.81, RANDOM, 0.90, 0, 64, 0, 64, 2961
dyngrid, 0.10, 0.98, RANDOM, 0.90, 1, 30, 137, 30, 783
dyngrid, 0.15, 0.97, RANDOM, 0.90, 15, 45, 126, 45, 877
dyngrid, 0.20, 0.96, RANDOM, 0.90, 64, 142, 283, 142, 1912
dyngrid, 0.25, 0.95, RANDOM, 0.90, 5, 36, 71, 36, 655
dyngrid, 0.30, 0.94, RANDOM, 0.90, 0, 29, 29, 29, 512
dyngrid, 0.35, 0.93, RANDOM, 0.90, 0, 33, 33, 33, 584
dyngrid, 0.40, 0.92, RANDOM, 0.90, 0, 62, 62, 62, 778
dyngrid, 0.45, 0.91, RANDOM, 0.90, 0, 30, 30, 30, 472
dyngrid, 0.50, 0.90, RANDOM, 0.90, 0, 30, 30, 30, 522
dyngrid, 0.55, 0.89, RANDOM, 0.90, 0, 34, 0, 34, 730
dyngrid, 0.60, 0.88, RANDOM, 0.90, 0, 61, 0, 61, 709
dyngrid, 0.65, 0.87, RANDOM, 0.90, 0, 29, 0, 29, 546
dyngrid, 0.70, 0.86, RANDOM, 0.90, 0, 44, 0, 44, 646
dyngrid, 0.75, 0.85, RANDOM, 0.90, 0, 31, 0, 31, 605
dyngrid, 0.80, 0.84, RANDOM, 0.90, 0, 38, 0, 38, 570
dyngrid, 0.85, 0.83, RANDOM, 0.90, 0, 29, 0, 29, 547
dyngrid, 0.90, 0.82, RANDOM, 0.90, 0, 39, 0, 39, 1411
dyngrid, 0.95, 0.81, RANDOM, 0.90, 0, 37, 0, 37, 1240
dyngrid, 0.10, 0.98, RANDOM, 0.90, 77, 116, 448, 116, 1428
dyngrid, 0.15, 0.97, RANDOM, 0.90, 14, 49, 142, 49, 876
dyngrid, 0.20, 0.96, RANDOM, 0.90, 0, 29, 57, 29, 650
dyngrid, 0.25, 0.95, RANDOM, 0.90, 103, 217, 433, 217, 2654
dyngrid, 0.30, 0.94, RANDOM, 0.90, 0, 102, 102, 102, 1471
dyngrid, 0.35, 0.93, RANDOM, 0.90, 0, 42, 42, 42, 1021
dyngrid, 0.40, 0.92, RANDOM, 0.90, 0, 30, 30, 30, 1224
dyngrid, 0.45, 0.91, RANDOM, 0.90, 0, 53, 53, 53, 1204
dyngrid, 0.50, 0.90, RANDOM, 0.90, 0, 40, 40, 40, 854
dyngrid, 0.55, 0.89, RANDOM, 0.90, 0, 38, 0, 38, 1569
dyngrid, 0.60, 0.88, RANDOM, 0.90, 0, 34, 0, 34, 1502
dyngrid, 0.65, 0.87, RANDOM, 0.90, 0, 30, 0, 30, 1448
dyngrid, 0.70, 0.86, RANDOM, 0.90, 0, 53, 0, 53, 1890
dyngrid, 0.75, 0.85, RANDOM, 0.90, 0, 41, 0, 41, 2032
dyngrid, 0.80, 0.84, RANDOM, 0.90, 0, 30, 0, 30, 1161
dyngrid, 0.85, 0.83, RANDOM, 0.90, 0, 29, 0, 29, 1036
dyngrid, 0.90, 0.82, RANDOM, 0.90, 0, 29, 0, 29, 937
dyngrid, 0.95, 0.81, RANDOM, 0.90, 0, 29, 0, 29, 1846
dyngrid, 0.10, 0.98, RANDOM, 0.90, 8, 35, 155, 35, 884
dyngrid, 0.15, 0.97, RANDOM, 0.90, 11, 45, 132, 45, 864
dyngrid, 0.20, 0.96, RANDOM, 0.90, 1, 31, 61, 31, 813
dyngrid, 0.25, 0.95, RANDOM, 0.90, 27, 76, 151, 76, 1435
dyngrid, 0.30, 0.94, RANDOM, 0.90, 0, 29, 29, 29, 706
dyngrid, 0.35, 0.93, RANDOM, 0.90, 0, 88, 88, 88, 1625
dyngrid, 0.40, 0.92, RANDOM, 0.90, 0, 72, 72, 72, 1338
dyngrid, 0.45, 0.91, RANDOM, 0.90, 0, 29, 29, 29, 812
dyngrid, 0.50, 0.90, RANDOM, 0.90, 0, 119, 119, 119, 2431
dyngrid, 0.55, 0.89, RANDOM, 0.90, 0, 54, 0, 54, 1435
dyngrid, 0.60, 0.88, RANDOM, 0.90, 0, 40, 0, 40, 1623
dyngrid, 0.65, 0.87, RANDOM, 0.90, 0, 29, 0, 29, 866
dyngrid, 0.70, 0.86, RANDOM, 0.90, 0, 132, 0, 132, 4066
dyngrid, 0.75, 0.85, RANDOM, 0.90, 0, 61, 0, 61, 2186
dyngrid, 0.80, 0.84, RANDOM, 0.90, 0, 68, 0, 68, 2773
dyngrid, 0.85, 0.83, RANDOM, 0.90, 0, 54, 0, 54, 2514
dyngrid, 0.90, 0.82, RANDOM, 0.90, 0, 48, 0, 48, 2380
dyngrid, 0.95, 0.81, RANDOM, 0.90, 0, 32, 0, 32, 1903
dyngrid, 0.10, 0.98, RANDOM, 0.90, 12, 43, 194, 43, 984
dyngrid, 0.15, 0.97, RANDOM, 0.90, 1, 31, 90, 31, 635
dyngrid, 0.20, 0.96, RANDOM, 0.90, 8, 46, 91, 46, 978
dyngrid, 0.25, 0.95, RANDOM, 0.90, 8, 40, 79, 40, 961
dyngrid, 0.30, 0.94, RANDOM, 0.90, 0, 51, 51, 51, 824
dyngrid, 0.35, 0.93, RANDOM, 0.90, 0, 35, 35, 35, 894
dyngrid, 0.40, 0.92, RANDOM, 0.90, 0, 115, 115, 115, 2270
dyngrid, 0.45, 0.91, RANDOM, 0.90, 0, 29, 29, 29, 1270
dyngrid, 0.50, 0.90, RANDOM, 0.90, 0, 29, 29, 29, 1283
dyngrid, 0.55, 0.89, RANDOM, 0.90, 0, 47, 0, 47, 1471
dyngrid, 0.60, 0.88, RANDOM, 0.90, 0, 29, 0, 29, 1141
dyngrid, 0.65, 0.87, RANDOM, 0.90, 0, 29, 0, 29, 1379
dyngrid, 0.70, 0.86, RANDOM, 0.90, 0, 60, 0, 60, 2741
dyngrid, 0.75, 0.85, RANDOM, 0.90, 0, 30, 0, 30, 1264
dyngrid, 0.80, 0.84, RANDOM, 0.90, 0, 42, 0, 42, 2203
dyngrid, 0.85, 0.83, RANDOM, 0.90, 0, 35, 0, 35, 1566
dyngrid, 0.90, 0.82, RANDOM, 0.90, 0, 40, 0, 40, 1695
dyngrid, 0.95, 0.81, RANDOM, 0.90, 0, 37, 0, 37, 1854
dyngrid, 0.10, 0.98, RANDOM, 0.90, 6, 34, 155, 34, 1040
dyngrid, 0.15, 0.97, RANDOM, 0.90, 106, 186, 536, 186, 2126
dyngrid, 0.20, 0.96, RANDOM, 0.90, 10, 42, 83, 42, 903
dyngrid, 0.25, 0.95, RANDOM, 0.90, 22, 66, 131, 66, 1269
dyngrid, 0.30, 0.94, RANDOM, 0.90, 0, 84, 84, 84, 1479
dyngrid, 0.35, 0.93, RANDOM, 0.90, 0, 29, 29, 29, 707
dyngrid, 0.40, 0.92, RANDOM, 0.90, 0, 29, 29, 29, 981
dyngrid, 0.45, 0.91, RANDOM, 0.90, 0, 29, 29, 29, 887
dyngrid, 0.50, 0.90, RANDOM, 0.90, 0, 36, 36, 36, 1213
dyngrid, 0.55, 0.89, RANDOM, 0.90, 0, 37, 0, 37, 1229
dyngrid, 0.60, 0.88, RANDOM, 0.90, 0, 39, 0, 39, 1577
dyngrid, 0.65, 0.87, RANDOM, 0.90, 0, 51, 0, 51, 1913
dyngrid, 0.70, 0.86, RANDOM, 0.90, 0, 34, 0, 34, 1446
dyngrid, 0.75, 0.85, RANDOM, 0.90, 0, 33, 0, 33, 903
dyngrid, 0.80, 0.84, RANDOM, 0.90, 0, 35, 0, 35, 1624
dyngrid, 0.85, 0.83, RANDOM, 0.90, 0, 47, 0, 47, 2391
dyngrid, 0.90, 0.82, RANDOM, 0.90, 0, 37, 0, 37, 2110
dyngrid, 0.95, 0.81, RANDOM, 0.90, 0, 37, 0, 37, 1947
dyngrid, 0.10, 0.98, RANDOM, 0.90, 0, 30, 140, 30, 832
dyngrid, 0.15, 0.97, RANDOM, 0.90, 45, 103, 297, 103, 1877
dyngrid, 0.20, 0.96, RANDOM, 0.90, 0, 29, 57, 29, 737
dyngrid, 0.25, 0.95, RANDOM, 0.90, 1, 30, 59, 30, 827
dyngrid, 0.30, 0.94, RANDOM, 0.90, 0, 64, 64, 64, 1360
dyngrid, 0.35, 0.93, RANDOM, 0.90, 0, 29, 29, 29, 734
dyngrid, 0.40, 0.92, RANDOM, 0.90, 0, 72, 72, 72, 1099
dyngrid, 0.45, 0.91, RANDOM, 0.90, 0, 45, 45, 45, 1000
dyngrid, 0.50, 0.90, RANDOM, 0.90, 0, 29, 29, 29, 1113
dyngrid, 0.55, 0.89, RANDOM, 0.90, 0, 106, 0, 106, 2237
dyngrid, 0.60, 0.88, RANDOM, 0.90, 0, 29, 0, 29, 1220
dyngrid, 0.65, 0.87, RANDOM, 0.90, 0, 40, 0, 40, 1130
dyngrid, 0.70, 0.86, RANDOM, 0.90, 0, 61, 0, 61, 1875
dyngrid, 0.75, 0.85, RANDOM, 0.90, 0, 78, 0, 78, 2983
dyngrid, 0.80, 0.84, RANDOM, 0.90, 0, 65, 0, 65, 2595
dyngrid, 0.85, 0.83, RANDOM, 0.90, 0, 82, 0, 82, 3039
dyngrid, 0.90, 0.82, RANDOM, 0.90, 0, 44, 0, 44, 2102
dyngrid, 0.95, 0.81, RANDOM, 0.90, 0, 34, 0, 34, 1634
dyngrid, 0.10, 0.98, RANDOM, 0.90, 32, 68, 312, 68, 1323
dyngrid, 0.15, 0.97, RANDOM, 0.90, 33, 76, 220, 76, 1280
dyngrid, 0.20, 0.96, RANDOM, 0.90, 27, 79, 157, 79, 1187
dyngrid, 0.25, 0.95, RANDOM, 0.90, 0, 30, 59, 30, 739
dyngrid, 0.30, 0.94, RANDOM, 0.90, 0, 34, 34, 34, 1004
dyngrid, 0.35, 0.93, RANDOM, 0.90, 0, 69, 69, 69, 1218
dyngrid, 0.40, 0.92, RANDOM, 0.90, 0, 90, 90, 90, 1661
dyngrid, 0.45, 0.91, RANDOM, 0.90, 0, 37, 37, 37, 1108
dyngrid, 0.50, 0.90, RANDOM, 0.90, 0, 50, 50, 50, 985
dyngrid, 0.55, 0.89, RANDOM, 0.90, 0, 46, 0, 46, 1374
dyngrid, 0.60, 0.88, RANDOM, 0.90, 0, 64, 0, 64, 1940
dyngrid, 0.65, 0.87, RANDOM, 0.90, 0, 53, 0, 53, 1841
dyngrid, 0.70, 0.86, RANDOM, 0.90, 0, 30, 0, 30, 943
dyngrid, 0.75, 0.85, RANDOM, 0.90, 0, 36, 0, 36, 1584
dyngrid, 0.80, 0.84, RANDOM, 0.90, 0, 32, 0, 32, 1754
dyngrid, 0.85, 0.83, RANDOM, 0.90, 0, 39, 0, 39, 1698
dyngrid, 0.90, 0.82, RANDOM, 0.90, 0, 30, 0, 30, 1564
dyngrid, 0.95, 0.81, RANDOM, 0.90, 0, 34, 0, 34, 1578
dyngrid, 0.10, 0.98, RANDOM, 0.90, 0, 29, 135, 29, 751
dyngrid, 0.15, 0.97, RANDOM, 0.90, 5, 35, 100, 35, 759
dyngrid, 0.20, 0.96, RANDOM, 0.90, 10, 41, 81, 41, 1141
dyngrid, 0.25, 0.95, RANDOM, 0.90, 10, 47, 93, 47, 1098
dyngrid, 0.30, 0.94, RANDOM, 0.90, 0, 29, 29, 29, 458
dyngrid, 0.35, 0.93, RANDOM, 0.90, 0, 129, 129, 129, 1649
dyngrid, 0.40, 0.92, RANDOM, 0.90, 0, 29, 29, 29, 839
dyngrid, 0.45, 0.91, RANDOM, 0.90, 0, 29, 29, 29, 662
dyngrid, 0.50, 0.90, RANDOM, 0.90, 0, 54, 54, 54, 1441
dyngrid, 0.55, 0.89, RANDOM, 0.90, 0, 29, 0, 29, 1162
dyngrid, 0.60, 0.88, RANDOM, 0.90, 0, 80, 0, 80, 1998
dyngrid, 0.65, 0.87, RANDOM, 0.90, 0, 52, 0, 52, 1843
dyngrid, 0.70, 0.86, RANDOM, 0.90, 0, 29, 0, 29, 1057
dyngrid, 0.75, 0.85, RANDOM, 0.90, 0, 34, 0, 34, 1303
dyngrid, 0.80, 0.84, RANDOM, 0.90, 0, 57, 0, 57, 2003
dyngrid, 0.85, 0.83, RANDOM, 0.90, 0, 30, 0, 30, 1002
dyngrid, 0.90, 0.82, RANDOM, 0.90, 0, 32, 0, 32, 1413
dyngrid, 0.95, 0.81, RANDOM, 0.90, 0, 59, 0, 59, 2929
dyngrid, 0.10, 0.98, RANDOM, 0.90, 0, 29, 135, 29, 784
dyngrid, 0.15, 0.97, RANDOM, 0.90, 163, 216, 560, 216, 1810
dyngrid, 0.20, 0.96, RANDOM, 0.90, 44, 104, 207, 104, 1639
dyngrid, 0.25, 0.95, RANDOM, 0.90, 0, 29, 57, 29, 701
dyngrid, 0.30, 0.94, RANDOM, 0.90, 0, 254, 254, 254, 2865
dyngrid, 0.35, 0.93, RANDOM, 0.90, 0, 79, 79, 79, 1423
dyngrid, 0.40, 0.92, RANDOM, 0.90, 0, 29, 29, 29, 745
dyngrid, 0.45, 0.91, RANDOM, 0.90, 0, 56, 56, 56, 1436
dyngrid, 0.50, 0.90, RANDOM, 0.90, 0, 29, 29, 29, 736
dyngrid, 0.55, 0.89, RANDOM, 0.90, 0, 30, 0, 30, 1284
dyngrid, 0.60, 0.88, RANDOM, 0.90, 0, 59, 0, 59, 2030
dyngrid, 0.65, 0.87, RANDOM, 0.90, 0, 47, 0, 47, 1983
dyngrid, 0.70, 0.86, RANDOM, 0.90, 0, 48, 0, 48, 1869
dyngrid, 0.75, 0.85, RANDOM, 0.90, 0, 61, 0, 61, 2647
dyngrid, 0.80, 0.84, RANDOM, 0.90, 0, 29, 0, 29, 1459
dyngrid, 0.85, 0.83, RANDOM, 0.90, 0, 29, 0, 29, 1236
dyngrid, 0.90, 0.82, RANDOM, 0.90, 0, 54, 0, 54, 2906
dyngrid, 0.95, 0.81, RANDOM, 0.90, 0, 29, 0, 29, 1345
dyngrid, 0.10, 0.98, RANDOM, 0.90, 21, 50, 185, 50, 979
dyngrid, 0.15, 0.97, RANDOM, 0.90, 2, 32, 93, 32, 740
dyngrid, 0.20, 0.96, RANDOM, 0.90, 8, 47, 93, 47, 1117
dyngrid, 0.25, 0.95, RANDOM, 0.90, 2, 32, 63, 32, 825
dyngrid, 0.30, 0.94, RANDOM, 0.90, 0, 31, 31, 31, 792
dyngrid, 0.35, 0.93, RANDOM, 0.90, 0, 36, 36, 36, 1047
dyngrid, 0.40, 0.92, RANDOM, 0.90, 0, 88, 88, 88, 1696
dyngrid, 0.45, 0.91, RANDOM, 0.90, 0, 49, 49, 49, 1429
dyngrid, 0.50, 0.90, RANDOM, 0.90, 0, 74, 74, 74, 7457
dyngrid, 0.55, 0.89, RANDOM, 0.90, 0, 106, 0, 106, 1493
dyngrid, 0.60, 0.88, RANDOM, 0.90, 0, 96, 0, 96, 2059
dyngrid, 0.65, 0.87, RANDOM, 0.90, 0, 29, 0, 29, 970
dyngrid, 0.70, 0.86, RANDOM, 0.90, 0, 51, 0, 51, 1865
dyngrid, 0.75, 0.85, RANDOM, 0.90, 0, 33, 0, 33, 1379
dyngrid, 0.80, 0.84, RANDOM, 0.90, 0, 35, 0, 35, 1508
dyngrid, 0.85, 0.83, RANDOM, 0.90, 0, 41, 0, 41, 1597
dyngrid, 0.90, 0.82, RANDOM, 0.90, 0, 44, 0, 44, 1882
dyngrid, 0.95, 0.81, RANDOM, 0.90, 0, 36, 0, 36, 1358
dyngrid, 0.10, 0.98, RANDOM, 0.90, 0, 29, 135, 29, 790
dyngrid, 0.15, 0.97, RANDOM, 0.90, 1, 31, 90, 31, 715
dyngrid, 0.20, 0.96, RANDOM, 0.90, 76, 175, 349, 175, 2107
dyngrid, 0.25, 0.95, RANDOM, 0.90, 20, 68, 135, 68, 1565
dyngrid, 0.30, 0.94, RANDOM, 0.90, 0, 29, 29, 29, 844
dyngrid, 0.35, 0.93, RANDOM, 0.90, 0, 88, 88, 88, 1207
dyngrid, 0.40, 0.92, RANDOM, 0.90, 0, 30, 30, 30, 728
dyngrid, 0.45, 0.91, RANDOM, 0.90, 0, 38, 38, 38, 976
dyngrid, 0.50, 0.90, RANDOM, 0.90, 0, 67, 67, 67, 1501
dyngrid, 0.55, 0.89, RANDOM, 0.90, 0, 43, 0, 43, 1307
dyngrid, 0.60, 0.88, RANDOM, 0.90, 0, 42, 0, 42, 1654
dyngrid, 0.65, 0.87, RANDOM, 0.90, 0, 116, 0, 116, 3208
dyngrid, 0.70, 0.86, RANDOM, 0.90, 0, 34, 0, 34, 1574
dyngrid, 0.75, 0.85, RANDOM, 0.90, 0, 101, 0, 101, 3227
dyngrid, 0.80, 0.84, RANDOM, 0.90, 0, 33, 0, 33, 1521
dyngrid, 0.85, 0.83, RANDOM, 0.90, 0, 40, 0, 40, 1882
dyngrid, 0.90, 0.82, RANDOM, 0.90, 0, 35, 0, 35, 1871
dyngrid, 0.95, 0.81, RANDOM, 0.90, 0, 48, 0, 48, 2455
dyngrid, 0.10, 0.98, RANDOM, 0.90, 0, 29, 135, 29, 738
dyngrid, 0.15, 0.97, RANDOM, 0.90, 59, 112, 314, 112, 1705
dyngrid, 0.20, 0.96, RANDOM, 0.90, 33, 81, 161, 81, 1439
dyngrid, 0.25, 0.95, RANDOM, 0.90, 22, 74, 147, 74, 1241
dyngrid, 0.30, 0.94, RANDOM, 0.90, 0, 100, 100, 100, 1547
dyngrid, 0.35, 0.93, RANDOM, 0.90, 0, 67, 67, 67, 1064
dyngrid, 0.40, 0.92, RANDOM, 0.90, 0, 29, 29, 29, 623
dyngrid, 0.45, 0.91, RANDOM, 0.90, 0, 37, 37, 37, 1389
dyngrid, 0.50, 0.90, RANDOM, 0.90, 0, 115, 115, 115, 1990
dyngrid, 0.55, 0.89, RANDOM, 0.90, 0, 48, 0, 48, 1677
dyngrid, 0.60, 0.88, RANDOM, 0.90, 0, 36, 0, 36, 1125
dyngrid, 0.65, 0.87, RANDOM, 0.90, 0, 69, 0, 69, 1994
dyngrid, 0.70, 0.86, RANDOM, 0.90, 0, 47, 0, 47, 1810
dyngrid, 0.75, 0.85, RANDOM, 0.90, 0, 31, 0, 31, 1395
dyngrid, 0.80, 0.84, RANDOM, 0.90, 0, 29, 0, 29, 1555
dyngrid, 0.85, 0.83, RANDOM, 0.90, 0, 29, 0, 29, 1380
dyngrid, 0.90, 0.82, RANDOM, 0.90, 0, 71, 0, 71, 2796
dyngrid, 0.95, 0.81, RANDOM, 0.90, 0, 30, 0, 30, 1464
dyngrid, 0.10, 0.98, RANDOM, 0.90, 15, 45, 203, 45, 974
dyngrid, 0.15, 0.97, RANDOM, 0.90, 122, 221, 635, 221, 2322
dyngrid, 0.20, 0.96, RANDOM, 0.90, 14, 53, 105, 53, 853
dyngrid, 0.25, 0.95, RANDOM, 0.90, 1, 31, 61, 31, 915
dyngrid, 0.30, 0.94, RANDOM, 0.90, 0, 30, 30, 30, 794
dyngrid, 0.35, 0.93, RANDOM, 0.90, 0, 29, 29, 29, 850
dyngrid, 0.40, 0.92, RANDOM, 0.90, 0, 30, 30, 30, 853
dyngrid, 0.45, 0.91, RANDOM, 0.90, 0, 52, 52, 52, 1208
dyngrid, 0.50, 0.90, RANDOM, 0.90, 0, 37, 37, 37, 1061
dyngrid, 0.55, 0.89, RANDOM, 0.90, 0, 121, 0, 121, 3369
dyngrid, 0.60, 0.88, RANDOM, 0.90, 0, 30, 0, 30, 1053
dyngrid, 0.65, 0.87, RANDOM, 0.90, 0, 29, 0, 29, 1167
dyngrid, 0.70, 0.86, RANDOM, 0.90, 0, 30, 0, 30, 1334
dyngrid, 0.75, 0.85, RANDOM, 0.90, 0, 29, 0, 29, 1327
dyngrid, 0.80, 0.84, RANDOM, 0.90, 0, 49, 0, 49, 2050
dyngrid, 0.85, 0.83, RANDOM, 0.90, 0, 29, 0, 29, 1526
dyngrid, 0.90, 0.82, RANDOM, 0.90, 0, 38, 0, 38, 1591
dyngrid, 0.95, 0.81, RANDOM, 0.90, 0, 49, 0, 49, 2331
dyngrid, 0.10, 0.98, RANDOM, 0.90, 27, 59, 270, 59, 1223
dyngrid, 0.15, 0.97, RANDOM, 0.90, 0, 29, 84, 29, 602
dyngrid, 0.20, 0.96, RANDOM, 0.90, 17, 59, 117, 59, 1268
dyngrid, 0.25, 0.95, RANDOM, 0.90, 12, 55, 109, 55, 1038
dyngrid, 0.30, 0.94, RANDOM, 0.90, 0, 29, 29, 29, 766
dyngrid, 0.35, 0.93, RANDOM, 0.90, 0, 82, 82, 82, 1251
dyngrid, 0.40, 0.92, RANDOM, 0.90, 0, 29, 29, 29, 832
dyngrid, 0.45, 0.91, RANDOM, 0.90, 0, 164, 164, 164, 2218
dyngrid, 0.50, 0.90, RANDOM, 0.90, 0, 67, 67, 67, 1585
dyngrid, 0.55, 0.89, RANDOM, 0.90, 0, 93, 0, 93, 2329
dyngrid, 0.60, 0.88, RANDOM, 0.90, 0, 29, 0, 29, 1358
dyngrid, 0.65, 0.87, RANDOM, 0.90, 0, 29, 0, 29, 1086
dyngrid, 0.70, 0.86, RANDOM, 0.90, 0, 29, 0, 29, 1124
dyngrid, 0.75, 0.85, RANDOM, 0.90, 0, 32, 0, 32, 1033
dyngrid, 0.80, 0.84, RANDOM, 0.90, 0, 29, 0, 29, 1763
dyngrid, 0.85, 0.83, RANDOM, 0.90, 0, 36, 0, 36, 1150
dyngrid, 0.90, 0.82, RANDOM, 0.90, 0, 30, 0, 30, 1172
dyngrid, 0.95, 0.81, RANDOM, 0.90, 0, 38, 0, 38, 1350
dyngrid, 0.10, 0.98, RANDOM, 0.90, 0, 29, 135, 29, 703
dyngrid, 0.15, 0.97, RANDOM, 0.90, 0, 29, 84, 29, 659
dyngrid, 0.20, 0.96, RANDOM, 0.90, 0, 29, 57, 29, 684
dyngrid, 0.25, 0.95, RANDOM, 0.90, 45, 95, 189, 95, 1609
dyngrid, 0.30, 0.94, RANDOM, 0.90, 0, 78, 78, 78, 1316
dyngrid, 0.35, 0.93, RANDOM, 0.90, 0, 30, 30, 30, 938
dyngrid, 0.40, 0.92, RANDOM, 0.90, 0, 48, 48, 48, 980
dyngrid, 0.45, 0.91, RANDOM, 0.90, 0, 62, 62, 62, 1392
dyngrid, 0.50, 0.90, RANDOM, 0.90, 0, 68, 68, 68, 1801
dyngrid, 0.55, 0.89, RANDOM, 0.90, 0, 52, 0, 52, 1593
dyngrid, 0.60, 0.88, RANDOM, 0.90, 0, 51, 0, 51, 1136
dyngrid, 0.65, 0.87, RANDOM, 0.90, 0, 42, 0, 42, 1405
dyngrid, 0.70, 0.86, RANDOM, 0.90, 0, 61, 0, 61, 2080
dyngrid, 0.75, 0.85, RANDOM, 0.90, 0, 30, 0, 30, 1600
dyngrid, 0.80, 0.84, RANDOM, 0.90, 0, 65, 0, 65, 2670
dyngrid, 0.85, 0.83, RANDOM, 0.90, 0, 35, 0, 35, 1459
dyngrid, 0.90, 0.82, RANDOM, 0.90, 0, 29, 0, 29, 700
dyngrid, 0.95, 0.81, RANDOM, 0.90, 0, 43, 0, 43, 1374
dyngrid, 0.10, 0.98, RANDOM, 0.90, 2, 32, 150, 32, 860
dyngrid, 0.15, 0.97, RANDOM, 0.90, 135, 229, 664, 229, 2330
dyngrid, 0.20, 0.96, RANDOM, 0.90, 0, 29, 57, 29, 640
dyngrid, 0.25, 0.95, RANDOM, 0.90, 16, 57, 113, 57, 1067
dyngrid, 0.30, 0.94, RANDOM, 0.90, 0, 121, 121, 121, 1828
dyngrid, 0.35, 0.93, RANDOM, 0.90, 0, 29, 29, 29, 667
dyngrid, 0.40, 0.92, RANDOM, 0.90, 0, 29, 29, 29, 707
dyngrid, 0.45, 0.91, RANDOM, 0.90, 0, 37, 37, 37, 1246
dyngrid, 0.50, 0.90, RANDOM, 0.90, 0, 46, 46, 46, 896
dyngrid, 0.55, 0.89, RANDOM, 0.90, 0, 125, 0, 125, 2992
dyngrid, 0.60, 0.88, RANDOM, 0.90, 0, 34, 0, 34, 1378
dyngrid, 0.65, 0.87, RANDOM, 0.90, 0, 97, 0, 97, 2499
dyngrid, 0.70, 0.86, RANDOM, 0.90, 0, 29, 0, 29, 1284
dyngrid, 0.75, 0.85, RANDOM, 0.90, 0, 29, 0, 29, 1167
dyngrid, 0.80, 0.84, RANDOM, 0.90, 0, 31, 0, 31, 1096
dyngrid, 0.85, 0.83, RANDOM, 0.90, 0, 34, 0, 34, 1338
dyngrid, 0.90, 0.82, RANDOM, 0.90, 0, 29, 0, 29, 1174
dyngrid, 0.95, 0.81, RANDOM, 0.90, 0, 45, 0, 45, 1603
dyngrid, 0.10, 0.98, RANDOM, 0.90, 0, 32, 150, 32, 791
dyngrid, 0.15, 0.97, RANDOM, 0.90, 42, 90, 255, 90, 1297
dyngrid, 0.20, 0.96, RANDOM, 0.90, 0, 29, 57, 29, 684
dyngrid, 0.25, 0.95, RANDOM, 0.90, 13, 52, 103, 52, 1200
dyngrid, 0.30, 0.94, RANDOM, 0.90, 0, 29, 29, 29, 814
dyngrid, 0.35, 0.93, RANDOM, 0.90, 0, 42, 42, 42, 750
dyngrid, 0.40, 0.92, RANDOM, 0.90, 0, 29, 29, 29, 912
dyngrid, 0.45, 0.91, RANDOM, 0.90, 0, 29, 29, 29, 848
dyngrid, 0.50, 0.90, RANDOM, 0.90, 0, 47, 47, 47, 947
dyngrid, 0.55, 0.89, RANDOM, 0.90, 0, 59, 0, 59, 1545
dyngrid, 0.60, 0.88, RANDOM, 0.90, 0, 86, 0, 86, 1007
dyngrid, 0.65, 0.87, RANDOM, 0.90, 0, 29, 0, 29, 1169
dyngrid, 0.70, 0.86, RANDOM, 0.90, 0, 41, 0, 41, 1647
dyngrid, 0.75, 0.85, RANDOM, 0.90, 0, 29, 0, 29, 1203
dyngrid, 0.80, 0.84, RANDOM, 0.90, 0, 47, 0, 47, 2044
dyngrid, 0.85, 0.83, RANDOM, 0.90, 0, 29, 0, 29, 1508
dyngrid, 0.90, 0.82, RANDOM, 0.90, 0, 49, 0, 49, 1940
dyngrid, 0.95, 0.81, RANDOM, 0.90, 0, 69, 0, 69, 3000
dyngrid, 0.10, 0.98, RANDOM, 0.90, 0, 32, 150, 32, 794
dyngrid, 0.00, 1.0000, RANDOM, 0.90, 0, 29, 435, 29, 1233
dyngrid, 0.02, 0.9960, RANDOM, 0.90, 20, 38, 320, 38, 1303
dyngrid, 0.04, 0.9920, RANDOM, 0.90, 1, 30, 312, 30, 1213
dyngrid, 0.06, 0.9880, RANDOM, 0.90, 11, 35, 219, 35, 1049
dyngrid, 0.08, 0.9840, RANDOM, 0.90, 23, 49, 202, 49, 1199
dyngrid, 0.10, 0.9800, RANDOM, 0.90, 130, 159, 448, 159, 1934
dyngrid, 0.12, 0.9760, RANDOM, 0.90, 0, 30, 114, 30, 769
dyngrid, 0.14, 0.9720, RANDOM, 0.90, 30, 63, 167, 63, 1219
dyngrid, 0.16, 0.9680, RANDOM, 0.90, 0, 29, 84, 29, 805
dyngrid, 0.18, 0.9640, RANDOM, 0.90, 44, 93, 185, 93, 1209
dyngrid, 0.20, 0.9600, RANDOM, 0.90, 30, 65, 129, 65, 1002
dyngrid, 0.22, 0.9560, RANDOM, 0.90, 35, 70, 139, 70, 1298
dyngrid, 0.27, 0.9460, RANDOM, 0.90, 0, 34, 34, 34, 786
dyngrid, 0.32, 0.9360, RANDOM, 0.90, 0, 71, 71, 71, 1534
dyngrid, 0.37, 0.9260, RANDOM, 0.90, 0, 135, 135, 135, 1946
dyngrid, 0.42, 0.9160, RANDOM, 0.90, 0, 30, 30, 30, 769
dyngrid, 0.47, 0.9060, RANDOM, 0.90, 0, 30, 30, 30, 683
dyngrid, 0.52, 0.8960, RANDOM, 0.90, 0, 47, 0, 47, 1187
dyngrid, 0.57, 0.8860, RANDOM, 0.90, 0, 35, 0, 35, 980
dyngrid, 0.62, 0.8760, RANDOM, 0.90, 0, 73, 0, 73, 1565
dyngrid, 0.67, 0.8660, RANDOM, 0.90, 0, 31, 0, 31, 964
dyngrid, 0.72, 0.8560, RANDOM, 0.90, 0, 45, 0, 45, 1316
dyngrid, 0.77, 0.8460, RANDOM, 0.90, 0, 45, 0, 45, 555
dyngrid, 0.82, 0.8360, RANDOM, 0.90, 0, 29, 0, 29, 1326
dyngrid, 0.87, 0.8260, RANDOM, 0.90, 0, 52, 0, 52, 1928
dyngrid, 0.92, 0.8160, RANDOM, 0.90, 0, 31, 0, 31, 1349
dyngrid, 0.97, 0.8060, RANDOM, 0.90, 0, 29, 0, 29, 1335
scenario, pChange, gamma, recovery_strategy, required_certainty, build_plans, matrices, visited_states, actions, time
dyngrid, 0.00, 1.0000, RANDOM, 0.90, 9, 32, 375, 32, 1150
dyngrid, 0.02, 0.9960, RANDOM, 0.90, 26, 36, 422, 36, 1415
dyngrid, 0.04, 0.9920, RANDOM, 0.90, 40, 58, 410, 58, 1476
dyngrid, 0.06, 0.9880, RANDOM, 0.90, 0, 29, 204, 29, 879
dyngrid, 0.08, 0.9840, RANDOM, 0.90, 10, 35, 169, 35, 925
dyngrid, 0.10, 0.9800, RANDOM, 0.90, 20, 50, 186, 50, 932
dyngrid, 0.12, 0.9760, RANDOM, 0.90, 0, 29, 110, 29, 689
dyngrid, 0.14, 0.9720, RANDOM, 0.90, 0, 29, 84, 29, 880
dyngrid, 0.16, 0.9680, RANDOM, 0.90, 11, 38, 104, 38, 812
dyngrid, 0.18, 0.9640, RANDOM, 0.90, 1, 32, 63, 32, 687
dyngrid, 0.20, 0.9600, RANDOM, 0.90, 87, 136, 271, 136, 1949
dyngrid, 0.22, 0.9560, RANDOM, 0.90, 12, 43, 85, 43, 873
dyngrid, 0.27, 0.9460, RANDOM, 0.90, 0, 119, 119, 119, 1244
dyngrid, 0.32, 0.9360, RANDOM, 0.90, 0, 94, 94, 94, 1865
dyngrid, 0.37, 0.9260, RANDOM, 0.90, 0, 50, 50, 50, 1097
dyngrid, 0.42, 0.9160, RANDOM, 0.90, 0, 41, 41, 41, 1102
dyngrid, 0.47, 0.9060, RANDOM, 0.90, 0, 73, 73, 73, 1413
dyngrid, 0.52, 0.8960, RANDOM, 0.90, 0, 32, 0, 32, 996
dyngrid, 0.57, 0.8860, RANDOM, 0.90, 0, 55, 0, 55, 1036
dyngrid, 0.62, 0.8760, RANDOM, 0.90, 0, 29, 0, 29, 832
dyngrid, 0.67, 0.8660, RANDOM, 0.90, 0, 29, 0, 29, 1281
dyngrid, 0.72, 0.8560, RANDOM, 0.90, 0, 32, 0, 32, 946
dyngrid, 0.77, 0.8460, RANDOM, 0.90, 0, 29, 0, 29, 1108
dyngrid, 0.82, 0.8360, RANDOM, 0.90, 0, 36, 0, 36, 984
dyngrid, 0.87, 0.8260, RANDOM, 0.90, 0, 56, 0, 56, 1853
dyngrid, 0.92, 0.8160, RANDOM, 0.90, 0, 80, 0, 80, 2604
dyngrid, 0.97, 0.8060, RANDOM, 0.90, 0, 30, 0, 30, 1289
dyngrid, 0.00, 1.0000, RANDOM, 0.90, 143, 172, 746, 172, 3223
dyngrid, 0.02, 0.9960, RANDOM, 0.90, 0, 30, 455, 30, 1303
dyngrid, 0.04, 0.9920, RANDOM, 0.90, 166, 185, 632, 185, 2247
dyngrid, 0.06, 0.9880, RANDOM, 0.90, 26, 55, 302, 55, 1319
dyngrid, 0.08, 0.9840, RANDOM, 0.90, 50, 78, 290, 78, 1340
dyngrid, 0.10, 0.9800, RANDOM, 0.90, 86, 114, 321, 114, 1449
dyngrid, 0.12, 0.9760, RANDOM, 0.90, 140, 169, 458, 169, 2148
dyngrid, 0.14, 0.9720, RANDOM, 0.90, 0, 29, 84, 29, 635
dyngrid, 0.16, 0.9680, RANDOM, 0.90, 0, 30, 87, 30, 1062
dyngrid, 0.18, 0.9640, RANDOM, 0.90, 15, 50, 99, 50, 1082
dyngrid, 0.20, 0.9600, RANDOM, 0.90, 73, 118, 235, 118, 1764
dyngrid, 0.22, 0.9560, RANDOM, 0.90, 0, 29, 57, 29, 616
dyngrid, 0.27, 0.9460, RANDOM, 0.90, 0, 165, 165, 165, 1546
dyngrid, 0.32, 0.9360, RANDOM, 0.90, 0, 49, 49, 49, 991
dyngrid, 0.37, 0.9260, RANDOM, 0.90, 0, 130, 130, 130, 1651
dyngrid, 0.42, 0.9160, RANDOM, 0.90, 0, 31, 31, 31, 735
dyngrid, 0.47, 0.9060, RANDOM, 0.90, 0, 39, 39, 39, 960
dyngrid, 0.52, 0.8960, RANDOM, 0.90, 0, 29, 0, 29, 857
dyngrid, 0.57, 0.8860, RANDOM, 0.90, 0, 58, 0, 58, 1094
dyngrid, 0.62, 0.8760, RANDOM, 0.90, 0, 52, 0, 52, 1123
dyngrid, 0.67, 0.8660, RANDOM, 0.90, 0, 51, 0, 51, 1125
dyngrid, 0.72, 0.8560, RANDOM, 0.90, 0, 68, 0, 68, 2301
dyngrid, 0.77, 0.8460, RANDOM, 0.90, 0, 40, 0, 40, 1649
dyngrid, 0.82, 0.8360, RANDOM, 0.90, 0, 31, 0, 31, 1328
dyngrid, 0.87, 0.8260, RANDOM, 0.90, 0, 50, 0, 50, 1151
dyngrid, 0.92, 0.8160, RANDOM, 0.90, 0, 29, 0, 29, 853
dyngrid, 0.97, 0.8060, RANDOM, 0.90, 0, 30, 0, 30, 1295
scenario, pChange, gamma, recovery_strategy, required_certainty, build_plans, matrices, visited_states, actions, time
dyngrid, 0.00, 1.0000, RANDOM, 0.90, 0, 29, 435, 29, 1308
dyngrid, 0.02, 0.9960, RANDOM, 0.90, 189, 207, 759, 207, 2294
dyngrid, 0.04, 0.9920, RANDOM, 0.90, 202, 231, 722, 231, 1892
dyngrid, 0.06, 0.9880, RANDOM, 0.90, 7, 30, 192, 30, 1682
dyngrid, 0.08, 0.9840, RANDOM, 0.90, 119, 140, 408, 140, 1947
dyngrid, 0.10, 0.9800, RANDOM, 0.90, 0, 29, 135, 29, 1175
dyngrid, 0.12, 0.9760, RANDOM, 0.90, 0, 29, 110, 29, 901
dyngrid, 0.14, 0.9720, RANDOM, 0.90, 0, 30, 87, 30, 961
dyngrid, 0.16, 0.9680, RANDOM, 0.90, 0, 29, 84, 29, 1253
dyngrid, 0.18, 0.9640, RANDOM, 0.90, 11, 42, 83, 42, 1133
dyngrid, 0.20, 0.9600, RANDOM, 0.90, 49, 87, 173, 87, 1756
dyngrid, 0.22, 0.9560, RANDOM, 0.90, 110, 154, 307, 154, 2173
dyngrid, 0.27, 0.9460, RANDOM, 0.90, 0, 44, 44, 44, 736
dyngrid, 0.32, 0.9360, RANDOM, 0.90, 0, 39, 39, 39, 971
dyngrid, 0.37, 0.9260, RANDOM, 0.90, 0, 48, 48, 48, 1116
dyngrid, 0.42, 0.9160, RANDOM, 0.90, 0, 29, 29, 29, 888
dyngrid, 0.47, 0.9060, RANDOM, 0.90, 0, 57, 57, 57, 1718
dyngrid, 0.52, 0.8960, RANDOM, 0.90, 0, 29, 0, 29, 947
dyngrid, 0.57, 0.8860, RANDOM, 0.90, 0, 29, 0, 29, 781
dyngrid, 0.62, 0.8760, RANDOM, 0.90, 0, 56, 0, 56, 1571
dyngrid, 0.67, 0.8660, RANDOM, 0.90, 0, 70, 0, 70, 1648
dyngrid, 0.72, 0.8560, RANDOM, 0.90, 0, 29, 0, 29, 1056
dyngrid, 0.77, 0.8460, RANDOM, 0.90, 0, 61, 0, 61, 1729
dyngrid, 0.82, 0.8360, RANDOM, 0.90, 0, 71, 0, 71, 2154
dyngrid, 0.87, 0.8260, RANDOM, 0.90, 0, 30, 0, 30, 884
dyngrid, 0.92, 0.8160, RANDOM, 0.90, 0, 58, 0, 58, 1506
dyngrid, 0.97, 0.8060, RANDOM, 0.90, 0, 29, 0, 29, 825
scenario, pChange, gamma, recovery_strategy, required_certainty, build_plans, matrices, visited_states, actions, time
dyngrid, 0.00, 1.0000, RANDOM, 0.90, 33, 37, 502, 37, 1493
dyngrid, 0.02, 0.9960, RANDOM, 0.90, 448, 454, 1635, 454, 3530
dyngrid, 0.00, 1.0000, RANDOM, 0.90, 112, 140, 667, 140, 1789
dyngrid, 0.02, 0.9960, RANDOM, 0.90, 26, 56, 507, 56, 3088
dyngrid, 0.04, 0.9920, RANDOM, 0.90, 113, 134, 607, 134, 1903
dyngrid, 0.06, 0.9880, RANDOM, 0.90, 332, 342, 970, 342, 3062
dyngrid, 0.00, 1.0000, RANDOM, 0.90, 0, 30, 465, 30, 1329
dyngrid, 0.02, 0.9960, RANDOM, 0.90, 51, 72, 433, 72, 2215
dyngrid, 0.04, 0.9920, RANDOM, 0.90, 0, 29, 299, 29, 1251
dyngrid, 0.06, 0.9880, RANDOM, 0.90, 201, 226, 703, 226, 2522
dyngrid, 0.08, 0.9840, RANDOM, 0.90, 0, 30, 165, 30, 853
dyngrid, 0.10, 0.9800, RANDOM, 0.90, 0, 29, 135, 29, 912
dyngrid, 0.12, 0.9760, RANDOM, 0.90, 94, 123, 336, 123, 1625
dyngrid, 0.14, 0.9720, RANDOM, 0.90, 0, 29, 84, 29, 701
dyngrid, 0.16, 0.9680, RANDOM, 0.90, 0, 29, 84, 29, 668
dyngrid, 0.18, 0.9640, RANDOM, 0.90, 1, 31, 61, 31, 673
dyngrid, 0.20, 0.9600, RANDOM, 0.90, 0, 29, 57, 29, 982
dyngrid, 0.22, 0.9560, RANDOM, 0.90, 0, 29, 57, 29, 769
dyngrid, 0.27, 0.9460, RANDOM, 0.90, 0, 57, 57, 57, 1058
dyngrid, 0.32, 0.9360, RANDOM, 0.90, 0, 63, 63, 63, 1080
dyngrid, 0.37, 0.9260, RANDOM, 0.90, 0, 85, 85, 85, 1347
dyngrid, 0.42, 0.9160, RANDOM, 0.90, 0, 30, 30, 30, 661
dyngrid, 0.47, 0.9060, RANDOM, 0.90, 0, 31, 31, 31, 847
dyngrid, 0.52, 0.8960, RANDOM, 0.90, 0, 86, 0, 86, 1788
dyngrid, 0.57, 0.8860, RANDOM, 0.90, 0, 67, 0, 67, 1640
dyngrid, 0.62, 0.8760, RANDOM, 0.90, 0, 65, 0, 65, 1959
dyngrid, 0.67, 0.8660, RANDOM, 0.90, 0, 57, 0, 57, 1275
dyngrid, 0.72, 0.8560, RANDOM, 0.90, 0, 68, 0, 68, 1770
dyngrid, 0.77, 0.8460, RANDOM, 0.90, 0, 29, 0, 29, 1391
dyngrid, 0.82, 0.8360, RANDOM, 0.90, 0, 48, 0, 48, 2028
dyngrid, 0.87, 0.8260, RANDOM, 0.90, 0, 29, 0, 29, 1413
dyngrid, 0.92, 0.8160, RANDOM, 0.90, 0, 30, 0, 30, 1460
dyngrid, 0.97, 0.8060, RANDOM, 0.90, 0, 47, 0, 47, 2028
scenario, pChange, gamma, recovery_strategy, required_certainty, build_plans, matrices, visited_states, actions, time
dyngrid, 0.00, 1.0000, RANDOM, 0.90, 5, 36, 547, 36, 1408
dyngrid, 0.02, 0.9960, RANDOM, 0.90, 0, 29, 429, 29, 1236
dyngrid, 0.04, 0.9920, RANDOM, 0.90, 0, 29, 299, 29, 1111
dyngrid, 0.06, 0.9880, RANDOM, 0.90, 138, 161, 489, 161, 1727
dyngrid, 0.08, 0.9840, RANDOM, 0.90, 73, 99, 310, 99, 1414
dyngrid, 0.10, 0.9800, RANDOM, 0.90, 0, 29, 135, 29, 963
dyngrid, 0.12, 0.9760, RANDOM, 0.90, 53, 86, 264, 86, 1336
dyngrid, 0.14, 0.9720, RANDOM, 0.90, 6, 36, 102, 36, 804
dyngrid, 0.16, 0.9680, RANDOM, 0.90, 9, 37, 101, 37, 848
dyngrid, 0.18, 0.9640, RANDOM, 0.90, 18, 51, 101, 51, 1082
dyngrid, 0.20, 0.9600, RANDOM, 0.90, 1, 33, 65, 33, 755
dyngrid, 0.22, 0.9560, RANDOM, 0.90, 35, 71, 141, 71, 1315
dyngrid, 0.27, 0.9460, RANDOM, 0.90, 0, 143, 143, 143, 2011
dyngrid, 0.32, 0.9360, RANDOM, 0.90, 0, 87, 87, 87, 1142
dyngrid, 0.37, 0.9260, RANDOM, 0.90, 0, 29, 29, 29, 829
dyngrid, 0.42, 0.9160, RANDOM, 0.90, 0, 29, 29, 29, 652
dyngrid, 0.47, 0.9060, RANDOM, 0.90, 0, 94, 94, 94, 1466
dyngrid, 0.52, 0.8960, RANDOM, 0.90, 0, 61, 0, 61, 986
dyngrid, 0.57, 0.8860, RANDOM, 0.90, 0, 66, 0, 66, 1306
dyngrid, 0.62, 0.8760, RANDOM, 0.90, 0, 128, 0, 128, 2137
dyngrid, 0.67, 0.8660, RANDOM, 0.90, 0, 36, 0, 36, 1457
dyngrid, 0.72, 0.8560, RANDOM, 0.90, 0, 29, 0, 29, 1066
dyngrid, 0.77, 0.8460, RANDOM, 0.90, 0, 29, 0, 29, 1144
dyngrid, 0.82, 0.8360, RANDOM, 0.90, 0, 55, 0, 55, 933
dyngrid, 0.87, 0.8260, RANDOM, 0.90, 0, 45, 0, 45, 1981
dyngrid, 0.92, 0.8160, RANDOM, 0.90, 0, 29, 0, 29, 1462
dyngrid, 0.97, 0.8060, RANDOM, 0.90, 0, 32, 0, 32, 1361
scenario, pChange, gamma, recovery_strategy, required_certainty, build_plans, matrices, visited_states, actions, time
dyngrid, 0.00, 1.0000, RANDOM, 0.90, 305, 336, 1226, 336, 4204
dyngrid, 0.02, 0.9960, RANDOM, 0.90, 13, 35, 352, 35, 1338
dyngrid, 0.04, 0.9920, RANDOM, 0.90, 13, 42, 325, 42, 1214
dyngrid, 0.06, 0.9880, RANDOM, 0.90, 140, 163, 551, 163, 1870
dyngrid, 0.08, 0.9840, RANDOM, 0.90, 36, 62, 259, 62, 1308
dyngrid, 0.10, 0.9800, RANDOM, 0.90, 98, 125, 382, 125, 2301
dyngrid, 0.12, 0.9760, RANDOM, 0.90, 0, 29, 110, 29, 808
dyngrid, 0.14, 0.9720, RANDOM, 0.90, 4, 33, 93, 33, 833
dyngrid, 0.16, 0.9680, RANDOM, 0.90, 0, 30, 87, 30, 710
dyngrid, 0.18, 0.9640, RANDOM, 0.90, 74, 118, 235, 118, 1888
dyngrid, 0.20, 0.9600, RANDOM, 0.90, 2, 31, 61, 31, 754
dyngrid, 0.22, 0.9560, RANDOM, 0.90, 0, 29, 57, 29, 646
dyngrid, 0.27, 0.9460, RANDOM, 0.90, 0, 35, 35, 35, 678
dyngrid, 0.32, 0.9360, RANDOM, 0.90, 0, 39, 39, 39, 1135
dyngrid, 0.37, 0.9260, RANDOM, 0.90, 0, 33, 33, 33, 816
dyngrid, 0.42, 0.9160, RANDOM, 0.90, 0, 29, 29, 29, 682
dyngrid, 0.47, 0.9060, RANDOM, 0.90, 0, 34, 34, 34, 828
dyngrid, 0.52, 0.8960, RANDOM, 0.90, 0, 34, 0, 34, 909
dyngrid, 0.57, 0.8860, RANDOM, 0.90, 0, 30, 0, 30, 756
dyngrid, 0.62, 0.8760, RANDOM, 0.90, 0, 31, 0, 31, 875
dyngrid, 0.67, 0.8660, RANDOM, 0.90, 0, 29, 0, 29, 937
dyngrid, 0.72, 0.8560, RANDOM, 0.90, 0, 29, 0, 29, 564
dyngrid, 0.77, 0.8460, RANDOM, 0.90, 0, 32, 0, 32, 1017
dyngrid, 0.82, 0.8360, RANDOM, 0.90, 0, 29, 0, 29, 897
dyngrid, 0.87, 0.8260, RANDOM, 0.90, 0, 41, 0, 41, 1238
dyngrid, 0.92, 0.8160, RANDOM, 0.90, 0, 45, 0, 45, 1548
dyngrid, 0.97, 0.8060, RANDOM, 0.90, 0, 36, 0, 36, 1690
scenario, pChange, gamma, recovery_strategy, required_certainty, build_plans, matrices, visited_states, actions, time
dyngrid, 0.00, 1.0000, RANDOM, 0.90, 127, 147, 598, 147, 1987
dyngrid, 0.02, 0.9960, RANDOM, 0.90, 29, 41, 439, 41, 1563
dyngrid, 0.04, 0.9920, RANDOM, 0.90, 89, 116, 498, 116, 1723
dyngrid, 0.06, 0.9880, RANDOM, 0.90, 1, 29, 199, 29, 1195
dyngrid, 0.08, 0.9840, RANDOM, 0.90, 28, 53, 211, 53, 1162
dyngrid, 0.10, 0.9800, RANDOM, 0.90, 45, 71, 229, 71, 1319
dyngrid, 0.12, 0.9760, RANDOM, 0.90, 37, 70, 222, 70, 1318
dyngrid, 0.14, 0.9720, RANDOM, 0.90, 93, 126, 305, 126, 1726
dyngrid, 0.16, 0.9680, RANDOM, 0.90, 18, 47, 126, 47, 1013
dyngrid, 0.18, 0.9640, RANDOM, 0.90, 43, 92, 183, 92, 1198
dyngrid, 0.20, 0.9600, RANDOM, 0.90, 2, 32, 63, 32, 827
dyngrid, 0.22, 0.9560, RANDOM, 0.90, 6, 36, 71, 36, 721
dyngrid, 0.27, 0.9460, RANDOM, 0.90, 0, 29, 29, 29, 736
dyngrid, 0.32, 0.9360, RANDOM, 0.90, 0, 45, 45, 45, 982
dyngrid, 0.37, 0.9260, RANDOM, 0.90, 0, 30, 30, 30, 728
dyngrid, 0.42, 0.9160, RANDOM, 0.90, 0, 29, 29, 29, 660
dyngrid, 0.47, 0.9060, RANDOM, 0.90, 0, 88, 88, 88, 1744
dyngrid, 0.52, 0.8960, RANDOM, 0.90, 0, 30, 0, 30, 1139
dyngrid, 0.57, 0.8860, RANDOM, 0.90, 0, 83, 0, 83, 1973
dyngrid, 0.62, 0.8760, RANDOM, 0.90, 0, 32, 0, 32, 902
dyngrid, 0.67, 0.8660, RANDOM, 0.90, 0, 64, 0, 64, 1639
dyngrid, 0.72, 0.8560, RANDOM, 0.90, 0, 29, 0, 29, 1290
dyngrid, 0.77, 0.8460, RANDOM, 0.90, 0, 74, 0, 74, 2123
dyngrid, 0.82, 0.8360, RANDOM, 0.90, 0, 30, 0, 30, 1449
dyngrid, 0.87, 0.8260, RANDOM, 0.90, 0, 38, 0, 38, 1307
dyngrid, 0.92, 0.8160, RANDOM, 0.90, 0, 39, 0, 39, 677
dyngrid, 0.97, 0.8060, RANDOM, 0.90, 0, 71, 0, 71, 1750
scenario, pChange, gamma, recovery_strategy, required_certainty, build_plans, matrices, visited_states, actions, time
dyngrid, 0.00, 1.0000, RANDOM, 0.90, 485, 490, 1407, 490, 3927
dyngrid, 0.02, 0.9960, RANDOM, 0.90, 22, 46, 479, 46, 1498
dyngrid, 0.04, 0.9920, RANDOM, 0.90, 343, 355, 1068, 355, 2838
dyngrid, 0.06, 0.9880, RANDOM, 0.90, 36, 63, 297, 63, 1369
dyngrid, 0.08, 0.9840, RANDOM, 0.90, 40, 70, 261, 70, 1127
dyngrid, 0.10, 0.9800, RANDOM, 0.90, 4, 32, 140, 32, 791
dyngrid, 0.12, 0.9760, RANDOM, 0.90, 118, 146, 386, 146, 2019
dyngrid, 0.14, 0.9720, RANDOM, 0.90, 84, 118, 283, 118, 1745
dyngrid, 0.16, 0.9680, RANDOM, 0.90, 0, 29, 84, 29, 835
dyngrid, 0.18, 0.9640, RANDOM, 0.90, 37, 77, 153, 77, 1187
dyngrid, 0.20, 0.9600, RANDOM, 0.90, 1, 32, 63, 32, 810
dyngrid, 0.22, 0.9560, RANDOM, 0.90, 9, 41, 81, 41, 953
dyngrid, 0.27, 0.9460, RANDOM, 0.90, 0, 29, 29, 29, 690
dyngrid, 0.32, 0.9360, RANDOM, 0.90, 0, 115, 115, 115, 1744
dyngrid, 0.37, 0.9260, RANDOM, 0.90, 0, 29, 29, 29, 717
dyngrid, 0.42, 0.9160, RANDOM, 0.90, 0, 37, 37, 37, 1158
dyngrid, 0.47, 0.9060, RANDOM, 0.90, 0, 51, 51, 51, 1236
dyngrid, 0.52, 0.8960, RANDOM, 0.90, 0, 101, 0, 101, 2133
dyngrid, 0.57, 0.8860, RANDOM, 0.90, 0, 109, 0, 109, 2830
dyngrid, 0.62, 0.8760, RANDOM, 0.90, 0, 47, 0, 47, 1482
dyngrid, 0.67, 0.8660, RANDOM, 0.90, 0, 29, 0, 29, 1083
dyngrid, 0.72, 0.8560, RANDOM, 0.90, 0, 30, 0, 30, 1000
dyngrid, 0.77, 0.8460, RANDOM, 0.90, 0, 36, 0, 36, 1332
dyngrid, 0.82, 0.8360, RANDOM, 0.90, 0, 45, 0, 45, 1391
dyngrid, 0.87, 0.8260, RANDOM, 0.90, 0, 29, 0, 29, 897
dyngrid, 0.92, 0.8160, RANDOM, 0.90, 0, 31, 0, 31, 1077
dyngrid, 0.97, 0.8060, RANDOM, 0.90, 0, 31, 0, 31, 1397
scenario, pChange, gamma, recovery_strategy, required_certainty, build_plans, matrices, visited_states, actions, time
dyngrid, 0.00, 1.0000, RANDOM, 0.90, 0, 29, 435, 29, 1405
dyngrid, 0.02, 0.9960, RANDOM, 0.90, 0, 30, 455, 30, 1392
dyngrid, 0.04, 0.9920, RANDOM, 0.90, 48, 70, 572, 70, 1782
dyngrid, 0.06, 0.9880, RANDOM, 0.90, 53, 79, 332, 79, 2175
dyngrid, 0.08, 0.9840, RANDOM, 0.90, 0, 29, 159, 29, 862
dyngrid, 0.10, 0.9800, RANDOM, 0.90, 183, 208, 549, 208, 2242
dyngrid, 0.12, 0.9760, RANDOM, 0.90, 8, 38, 137, 38, 900
dyngrid, 0.14, 0.9720, RANDOM, 0.90, 98, 127, 299, 127, 1585
dyngrid, 0.16, 0.9680, RANDOM, 0.90, 0, 29, 84, 29, 746
dyngrid, 0.18, 0.9640, RANDOM, 0.90, 3, 36, 71, 36, 862
dyngrid, 0.20, 0.9600, RANDOM, 0.90, 7, 36, 71, 36, 685
dyngrid, 0.22, 0.9560, RANDOM, 0.90, 0, 29, 57, 29, 799
dyngrid, 0.27, 0.9460, RANDOM, 0.90, 0, 99, 99, 99, 1528
dyngrid, 0.32, 0.9360, RANDOM, 0.90, 0, 29, 29, 29, 719
dyngrid, 0.37, 0.9260, RANDOM, 0.90, 0, 41, 41, 41, 776
dyngrid, 0.42, 0.9160, RANDOM, 0.90, 0, 54, 54, 54, 1062
dyngrid, 0.47, 0.9060, RANDOM, 0.90, 0, 68, 68, 68, 1094
dyngrid, 0.52, 0.8960, RANDOM, 0.90, 0, 29, 0, 29, 933
dyngrid, 0.57, 0.8860, RANDOM, 0.90, 0, 29, 0, 29, 1224
dyngrid, 0.62, 0.8760, RANDOM, 0.90, 0, 30, 0, 30, 1171
dyngrid, 0.67, 0.8660, RANDOM, 0.90, 0, 29, 0, 29, 1223
dyngrid, 0.72, 0.8560, RANDOM, 0.90, 0, 29, 0, 29, 803
dyngrid, 0.77, 0.8460, RANDOM, 0.90, 0, 93, 0, 93, 2986
dyngrid, 0.82, 0.8360, RANDOM, 0.90, 0, 29, 0, 29, 1301
dyngrid, 0.87, 0.8260, RANDOM, 0.90, 0, 66, 0, 66, 2314
dyngrid, 0.92, 0.8160, RANDOM, 0.90, 0, 30, 0, 30, 1457
dyngrid, 0.97, 0.8060, RANDOM, 0.90, 0, 29, 0, 29, 1249
scenario, pChange, gamma, recovery_strategy, required_certainty, build_plans, matrices, visited_states, actions, time
dyngrid, 0.00, 1.0000, RANDOM, 0.90, 172, 198, 824, 198, 2884
dyngrid, 0.02, 0.9960, RANDOM, 0.90, 36, 43, 522, 43, 1762
dyngrid, 0.04, 0.9920, RANDOM, 0.90, 14, 43, 338, 43, 1325
dyngrid, 0.06, 0.9880, RANDOM, 0.90, 606, 620, 1592, 620, 5980
dyngrid, 0.08, 0.9840, RANDOM, 0.90, 0, 29, 159, 29, 997
dyngrid, 0.10, 0.9800, RANDOM, 0.90, 0, 30, 140, 30, 862
dyngrid, 0.12, 0.9760, RANDOM, 0.90, 60, 87, 232, 87, 1310
dyngrid, 0.14, 0.9720, RANDOM, 0.90, 0, 31, 90, 31, 696
dyngrid, 0.16, 0.9680, RANDOM, 0.90, 0, 29, 84, 29, 793
dyngrid, 0.18, 0.9640, RANDOM, 0.90, 46, 85, 169, 85, 1109
dyngrid, 0.20, 0.9600, RANDOM, 0.90, 0, 29, 57, 29, 853
dyngrid, 0.22, 0.9560, RANDOM, 0.90, 41, 78, 155, 78, 1271
dyngrid, 0.27, 0.9460, RANDOM, 0.90, 0, 61, 61, 61, 1096
dyngrid, 0.32, 0.9360, RANDOM, 0.90, 0, 99, 99, 99, 1433
dyngrid, 0.37, 0.9260, RANDOM, 0.90, 0, 29, 29, 29, 875
dyngrid, 0.42, 0.9160, RANDOM, 0.90, 0, 51, 51, 51, 1282
dyngrid, 0.47, 0.9060, RANDOM, 0.90, 0, 72, 72, 72, 1488
dyngrid, 0.52, 0.8960, RANDOM, 0.90, 0, 61, 0, 61, 1719
dyngrid, 0.57, 0.8860, RANDOM, 0.90, 0, 53, 0, 53, 1182
dyngrid, 0.62, 0.8760, RANDOM, 0.90, 0, 30, 0, 30, 1156
dyngrid, 0.67, 0.8660, RANDOM, 0.90, 0, 34, 0, 34, 967
dyngrid, 0.72, 0.8560, RANDOM, 0.90, 0, 45, 0, 45, 1705
dyngrid, 0.77, 0.8460, RANDOM, 0.90, 0, 33, 0, 33, 1385
dyngrid, 0.82, 0.8360, RANDOM, 0.90, 0, 49, 0, 49, 1173
dyngrid, 0.87, 0.8260, RANDOM, 0.90, 0, 29, 0, 29, 1015
dyngrid, 0.92, 0.8160, RANDOM, 0.90, 0, 30, 0, 30, 1317
dyngrid, 0.97, 0.8060, RANDOM, 0.90, 0, 35, 0, 35, 1965
